Sample	Read	Cell_line	Genotype	Breaks	Name	Breaks	Type	Strand	Left	Right	Pattern	Sequence	Reference	Count	Frequency
db3	R2	WT	db	2dsb	EE1R	2dsb	exon_exon	Reverse	21	152	TTC	GCCGATGAACTTCATCACGCGCT	GGAAGTTCACGCCGATGAACTTCATCACGCGCTCCCACTTGAA	0	0.0
db3	R2	WT	db	2dsb	EE2R	2dsb	exon_exon	Reverse	35	148	GAAG	CCTTGTAGATGAAGTTCATCACGC	GGAAGTTCACGCCGATGAACTTCACCTTGTAGATGAAGTTCATCACGCGCTCCCACTTGAA	0	0.0
db3	R2	WT	db	2dsb	EE3R	2dsb	exon_exon	Reverse	25	144	CCT	ATGAACTTCACCTCGAAGTTCAT	GGAAGTTCACGCCGATGAACTTCACCTCGAAGTTCATCACGCGCTCCCACTTGAA	1	0.0003333333333333333
db3	R2	WT	db	2dsb	EE4R	2dsb	exon_exon	Reverse	41	139	GCCGTC	AGATGAAGCAGCCGTCCTCGAAGTTC	GGAAGTTCACGCCGATGAACTTCACCTTGTAGATGAAGCAGCCGTCCTCGAAGTTCATCACGCGCTCCCACTTGAA	21	0.007
db3	R2	WT	db	2dsb	EE5R	2dsb	exon_exon	Reverse	41	136	GCCG	AGATGAAGCAGCCGCCGTCCTCGA	GGAAGTTCACGCCGATGAACTTCACCTTGTAGATGAAGCAGCCGCCGTCCTCGAAGTTCATCACGCGCTCCCACTTGAA	0	0.0
db3	R2	WT	db	2dsb	EE6R	2dsb	exon_exon	Reverse	23	133	CAC	CGATGAACTTCACGCCGCCGTCC	GGAAGTTCACGCCGATGAACTTCACGCCGCCGTCCTCGAAGTTCATCACGCGCTCCCACTTGAA	0	0.0
db3	R2	WT	db	2dsb	EE7R	2dsb	exon_exon	Reverse	41	131	GCC	AGATGAAGCAGCCACGCCGCCGT	GGAAGTTCACGCCGATGAACTTCACCTTGTAGATGAAGCAGCCACGCCGCCGTCCTCGAAGTTCATCACGCGCTCCCACTTGAA	0	0.0
db3	R2	WT	db	2dsb	EE8R	2dsb	exon_exon	Reverse	44	128	GTC	TGAAGCAGCCGTCGCCACGCCGC	GGAAGTTCACGCCGATGAACTTCACCTTGTAGATGAAGCAGCCGTCGCCACGCCGCCGTCCTCGAAGTTCATCACGCGCTCCCACTTGAA	1	0.0003333333333333333
db3	R2	WT	db	2dsb	EE9R	2dsb	exon_exon	Reverse	22	123	TCAC	CCGATGAACTTCACGGTCGCCACG	GGAAGTTCACGCCGATGAACTTCACGGTCGCCACGCCGCCGTCCTCGAAGTTCATCACGCGCTCCCACTTGAA	0	0.0
db3	R2	WT	db	2dsb	EE10R	2dsb	exon_exon	Reverse	44	122	GTC	TGAAGCAGCCGTCACGGTCGCCA	GGAAGTTCACGCCGATGAACTTCACCTTGTAGATGAAGCAGCCGTCACGGTCGCCACGCCGCCGTCCTCGAAGTTCATCACGCGCTCCCACTTGAA	1	0.0003333333333333333
db3	R2	WT	db	2dsb	EE11R	2dsb	exon_exon	Reverse	25	117	CCT	ATGAACTTCACCTGGGTCACGGT	GGAAGTTCACGCCGATGAACTTCACCTGGGTCACGGTCGCCACGCCGCCGTCCTCGAAGTTCATCACGCGCTCCCACTTGAA	5	0.0016666666666666668
db3	R2	WT	db	2dsb	EE12R	2dsb	exon_exon	Reverse	44	115	GTC	TGAAGCAGCCGTCCTGGGTCACG	GGAAGTTCACGCCGATGAACTTCACCTTGTAGATGAAGCAGCCGTCCTGGGTCACGGTCGCCACGCCGCCGTCCTCGAAGTTCATCACGCGCTCCCACTTGAA	0	0.0
