Category,Name,Construct,Breaks,Strand,Sequence
branch_x,s_in_b,branch,sgA,R1,TCGACTCTAGACGCGTAGGA
branch_x,s_in_b,branch,sgA,R2,TCCTACGCGTCTAGAGTCGA
branch_x,s_in_b,branch,sgB,R1,TCGACTCTAGACGCGTAGGA
branch_x,s_in_b,branch,sgB,R2,TCCTACGCGTCTAGAGTCGA
branch_x,s_in_b,branch,sgA,R1,CGACTCTAGACGCGTAGGAT
branch_x,s_in_b,branch,sgA,R2,ATCCTACGCGTCTAGAGTCG
branch_x,s_in_b,branch,sgB,R1,CGACTCTAGACGCGTAGGAT
branch_x,s_in_b,branch,sgB,R2,ATCCTACGCGTCTAGAGTCG
branch_x,s_in_b,branch,sgA,R1,GACTCTAGACGCGTAGGATC
branch_x,s_in_b,branch,sgA,R2,GATCCTACGCGTCTAGAGTC
branch_x,s_in_b,branch,sgB,R1,GACTCTAGACGCGTAGGATC
branch_x,s_in_b,branch,sgB,R2,GATCCTACGCGTCTAGAGTC
branch_x,s_in_b,branch,sgA,R1,ACTCTAGACGCGTAGGATCC
branch_x,s_in_b,branch,sgA,R2,GGATCCTACGCGTCTAGAGT
branch_x,s_in_b,branch,sgB,R1,ACTCTAGACGCGTAGGATCC
branch_x,s_in_b,branch,sgB,R2,GGATCCTACGCGTCTAGAGT
branch_x,s_in_b,branch,sgA,R1,CTCTAGACGCGTAGGATCCC
branch_x,s_in_b,branch,sgA,R2,GGGATCCTACGCGTCTAGAG
branch_x,s_in_b,branch,sgB,R1,CTCTAGACGCGTAGGATCCC
branch_x,s_in_b,branch,sgB,R2,GGGATCCTACGCGTCTAGAG
branch_x,s_in_b,branch,sgA,R1,TCTAGACGCGTAGGATCCCC
branch_x,s_in_b,branch,sgA,R2,GGGGATCCTACGCGTCTAGA
branch_x,s_in_b,branch,sgB,R1,TCTAGACGCGTAGGATCCCC
branch_x,s_in_b,branch,sgB,R2,GGGGATCCTACGCGTCTAGA
branch_x,s_in_b,branch,sgA,R1,CTAGACGCGTAGGATCCCCC
branch_x,s_in_b,branch,sgA,R2,GGGGGATCCTACGCGTCTAG
branch_x,s_in_b,branch,sgB,R1,CTAGACGCGTAGGATCCCCC
branch_x,s_in_b,branch,sgB,R2,GGGGGATCCTACGCGTCTAG
branch_x,s_in_b,branch,sgA,R1,TAGACGCGTAGGATCCCCCG
branch_x,s_in_b,branch,sgA,R2,CGGGGGATCCTACGCGTCTA
branch_x,s_in_b,branch,sgB,R1,TAGACGCGTAGGATCCCCCG
branch_x,s_in_b,branch,sgB,R2,CGGGGGATCCTACGCGTCTA
branch_x,s_in_b,branch,sgA,R1,AGACGCGTAGGATCCCCCGG
branch_x,s_in_b,branch,sgA,R2,CCGGGGGATCCTACGCGTCT
branch_x,s_in_b,branch,sgB,R1,AGACGCGTAGGATCCCCCGG
branch_x,s_in_b,branch,sgB,R2,CCGGGGGATCCTACGCGTCT
branch_x,s_in_b,branch,sgA,R1,GACGCGTAGGATCCCCCGGG
branch_x,s_in_b,branch,sgA,R2,CCCGGGGGATCCTACGCGTC
branch_x,s_in_b,branch,sgB,R1,GACGCGTAGGATCCCCCGGG
branch_x,s_in_b,branch,sgB,R2,CCCGGGGGATCCTACGCGTC
branch_x,s_in_b,branch,sgA,R1,ACGCGTAGGATCCCCCGGGT
branch_x,s_in_b,branch,sgA,R2,ACCCGGGGGATCCTACGCGT
branch_x,s_in_b,branch,sgB,R1,ACGCGTAGGATCCCCCGGGT
branch_x,s_in_b,branch,sgB,R2,ACCCGGGGGATCCTACGCGT
branch_x,s_in_b,branch,sgA,R1,CGCGTAGGATCCCCCGGGTA
branch_x,s_in_b,branch,sgA,R2,TACCCGGGGGATCCTACGCG
branch_x,s_in_b,branch,sgB,R1,CGCGTAGGATCCCCCGGGTA
branch_x,s_in_b,branch,sgB,R2,TACCCGGGGGATCCTACGCG
branch_x,s_in_b,branch,sgA,R1,GCGTAGGATCCCCCGGGTAC
branch_x,s_in_b,branch,sgA,R2,GTACCCGGGGGATCCTACGC
branch_x,s_in_b,branch,sgB,R1,GCGTAGGATCCCCCGGGTAC
branch_x,s_in_b,branch,sgB,R2,GTACCCGGGGGATCCTACGC
branch_x,s_in_b,branch,sgA,R1,CGTAGGATCCCCCGGGTACC
branch_x,s_in_b,branch,sgA,R2,GGTACCCGGGGGATCCTACG
branch_x,s_in_b,branch,sgB,R1,CGTAGGATCCCCCGGGTACC
branch_x,s_in_b,branch,sgB,R2,GGTACCCGGGGGATCCTACG
branch_x,s_in_b,branch,sgA,R1,GTAGGATCCCCCGGGTACCG
branch_x,s_in_b,branch,sgA,R2,CGGTACCCGGGGGATCCTAC
branch_x,s_in_b,branch,sgB,R1,GTAGGATCCCCCGGGTACCG
branch_x,s_in_b,branch,sgB,R2,CGGTACCCGGGGGATCCTAC
branch_x,s_in_b,branch,sgA,R1,TAGGATCCCCCGGGTACCGA
branch_x,s_in_b,branch,sgA,R2,TCGGTACCCGGGGGATCCTA
branch_x,s_in_b,branch,sgB,R1,TAGGATCCCCCGGGTACCGA
branch_x,s_in_b,branch,sgB,R2,TCGGTACCCGGGGGATCCTA
branch_x,s_in_b,branch,sgA,R1,AGGATCCCCCGGGTACCGAG
branch_x,s_in_b,branch,sgA,R2,CTCGGTACCCGGGGGATCCT
branch_x,s_in_b,branch,sgB,R1,AGGATCCCCCGGGTACCGAG
branch_x,s_in_b,branch,sgB,R2,CTCGGTACCCGGGGGATCCT
branch_x,s_in_b,branch,sgA,R1,GGATCCCCCGGGTACCGAGC
branch_x,s_in_b,branch,sgA,R2,GCTCGGTACCCGGGGGATCC
branch_x,s_in_b,branch,sgB,R1,GGATCCCCCGGGTACCGAGC
branch_x,s_in_b,branch,sgB,R2,GCTCGGTACCCGGGGGATCC
branch_x,s_in_b,branch,sgA,R1,GATCCCCCGGGTACCGAGCT
branch_x,s_in_b,branch,sgA,R2,AGCTCGGTACCCGGGGGATC
branch_x,s_in_b,branch,sgB,R1,GATCCCCCGGGTACCGAGCT
branch_x,s_in_b,branch,sgB,R2,AGCTCGGTACCCGGGGGATC
branch_x,s_in_b,branch,sgA,R1,ATCCCCCGGGTACCGAGCTC
branch_x,s_in_b,branch,sgA,R2,GAGCTCGGTACCCGGGGGAT
branch_x,s_in_b,branch,sgB,R1,ATCCCCCGGGTACCGAGCTC
branch_x,s_in_b,branch,sgB,R2,GAGCTCGGTACCCGGGGGAT
branch_x,s_in_b,branch,sgA,R1,TCCCCCGGGTACCGAGCTCG
branch_x,s_in_b,branch,sgA,R2,CGAGCTCGGTACCCGGGGGA
branch_x,s_in_b,branch,sgB,R1,TCCCCCGGGTACCGAGCTCG
branch_x,s_in_b,branch,sgB,R2,CGAGCTCGGTACCCGGGGGA
branch_x,s_in_b,branch,sgA,R1,CCCCCGGGTACCGAGCTCGA
branch_x,s_in_b,branch,sgA,R2,TCGAGCTCGGTACCCGGGGG
branch_x,s_in_b,branch,sgB,R1,CCCCCGGGTACCGAGCTCGA
branch_x,s_in_b,branch,sgB,R2,TCGAGCTCGGTACCCGGGGG
branch_x,s_in_b,branch,sgA,R1,CCCCGGGTACCGAGCTCGAA
branch_x,s_in_b,branch,sgA,R2,TTCGAGCTCGGTACCCGGGG
branch_x,s_in_b,branch,sgB,R1,CCCCGGGTACCGAGCTCGAA
branch_x,s_in_b,branch,sgB,R2,TTCGAGCTCGGTACCCGGGG
branch_x,s_in_b,branch,sgA,R1,CCCGGGTACCGAGCTCGAAT
branch_x,s_in_b,branch,sgA,R2,ATTCGAGCTCGGTACCCGGG
branch_x,s_in_b,branch,sgB,R1,CCCGGGTACCGAGCTCGAAT
branch_x,s_in_b,branch,sgB,R2,ATTCGAGCTCGGTACCCGGG
branch_x,s_in_b,branch,sgA,R1,CCGGGTACCGAGCTCGAATT
branch_x,s_in_b,branch,sgA,R2,AATTCGAGCTCGGTACCCGG
branch_x,s_in_b,branch,sgB,R1,CCGGGTACCGAGCTCGAATT
branch_x,s_in_b,branch,sgB,R2,AATTCGAGCTCGGTACCCGG
branch_x,s_in_b,branch,sgA,R1,CGGGTACCGAGCTCGAATTT
branch_x,s_in_b,branch,sgA,R2,AAATTCGAGCTCGGTACCCG
branch_x,s_in_b,branch,sgB,R1,CGGGTACCGAGCTCGAATTT
branch_x,s_in_b,branch,sgB,R2,AAATTCGAGCTCGGTACCCG
branch_x,s_in_b,branch,sgA,R1,GGGTACCGAGCTCGAATTTT
branch_x,s_in_b,branch,sgA,R2,AAAATTCGAGCTCGGTACCC
branch_x,s_in_b,branch,sgB,R1,GGGTACCGAGCTCGAATTTT
branch_x,s_in_b,branch,sgB,R2,AAAATTCGAGCTCGGTACCC
branch_x,s_in_b,branch,sgA,R1,GGTACCGAGCTCGAATTTTT
branch_x,s_in_b,branch,sgA,R2,AAAAATTCGAGCTCGGTACC
branch_x,s_in_b,branch,sgB,R1,GGTACCGAGCTCGAATTTTT
branch_x,s_in_b,branch,sgB,R2,AAAAATTCGAGCTCGGTACC
branch_x,s_in_b,branch,sgA,R1,GTACCGAGCTCGAATTTTTA
branch_x,s_in_b,branch,sgA,R2,TAAAAATTCGAGCTCGGTAC
branch_x,s_in_b,branch,sgB,R1,GTACCGAGCTCGAATTTTTA
branch_x,s_in_b,branch,sgB,R2,TAAAAATTCGAGCTCGGTAC
branch_x,s_in_b,branch,sgA,R1,TACCGAGCTCGAATTTTTAC
branch_x,s_in_b,branch,sgA,R2,GTAAAAATTCGAGCTCGGTA
branch_x,s_in_b,branch,sgB,R1,TACCGAGCTCGAATTTTTAC
branch_x,s_in_b,branch,sgB,R2,GTAAAAATTCGAGCTCGGTA
branch_x,s_in_b,branch,sgA,R1,ACCGAGCTCGAATTTTTACT
branch_x,s_in_b,branch,sgA,R2,AGTAAAAATTCGAGCTCGGT
branch_x,s_in_b,branch,sgB,R1,ACCGAGCTCGAATTTTTACT
branch_x,s_in_b,branch,sgB,R2,AGTAAAAATTCGAGCTCGGT
branch_x,s_in_b,branch,sgA,R1,CCGAGCTCGAATTTTTACTA
branch_x,s_in_b,branch,sgA,R2,TAGTAAAAATTCGAGCTCGG
branch_x,s_in_b,branch,sgB,R1,CCGAGCTCGAATTTTTACTA
branch_x,s_in_b,branch,sgB,R2,TAGTAAAAATTCGAGCTCGG
branch_x,s_in_b,branch,sgA,R1,CGAGCTCGAATTTTTACTAA
branch_x,s_in_b,branch,sgA,R2,TTAGTAAAAATTCGAGCTCG
branch_x,s_in_b,branch,sgB,R1,CGAGCTCGAATTTTTACTAA
branch_x,s_in_b,branch,sgB,R2,TTAGTAAAAATTCGAGCTCG
branch_x,s_in_b,branch,sgA,R1,GAGCTCGAATTTTTACTAAC
branch_x,s_in_b,branch,sgA,R2,GTTAGTAAAAATTCGAGCTC
branch_x,s_in_b,branch,sgB,R1,GAGCTCGAATTTTTACTAAC
branch_x,s_in_b,branch,sgB,R2,GTTAGTAAAAATTCGAGCTC
branch_x,s_in_b,branch,sgA,R1,AGCTCGAATTTTTACTAACA
branch_x,s_in_b,branch,sgA,R2,TGTTAGTAAAAATTCGAGCT
branch_x,s_in_b,branch,sgB,R1,AGCTCGAATTTTTACTAACA
branch_x,s_in_b,branch,sgB,R2,TGTTAGTAAAAATTCGAGCT
branch_x,s_in_b,branch,sgA,R1,GCTCGAATTTTTACTAACAA
branch_x,s_in_b,branch,sgA,R2,TTGTTAGTAAAAATTCGAGC
branch_x,s_in_b,branch,sgB,R1,GCTCGAATTTTTACTAACAA
branch_x,s_in_b,branch,sgB,R2,TTGTTAGTAAAAATTCGAGC
branch_x,s_in_b,branch,sgA,R1,CTCGAATTTTTACTAACAAA
branch_x,s_in_b,branch,sgA,R2,TTTGTTAGTAAAAATTCGAG
branch_x,s_in_b,branch,sgB,R1,CTCGAATTTTTACTAACAAA
branch_x,s_in_b,branch,sgB,R2,TTTGTTAGTAAAAATTCGAG
branch_x,s_in_b,branch,sgA,R1,TCGAATTTTTACTAACAAAT
branch_x,s_in_b,branch,sgA,R2,ATTTGTTAGTAAAAATTCGA
branch_x,s_in_b,branch,sgB,R1,TCGAATTTTTACTAACAAAT
branch_x,s_in_b,branch,sgB,R2,ATTTGTTAGTAAAAATTCGA
branch_x,s_in_b,branch,sgA,R1,CGAATTTTTACTAACAAATG
branch_x,s_in_b,branch,sgA,R2,CATTTGTTAGTAAAAATTCG
branch_x,s_in_b,branch,sgB,R1,CGAATTTTTACTAACAAATG
branch_x,s_in_b,branch,sgB,R2,CATTTGTTAGTAAAAATTCG
branch_x,s_in_b,branch,sgA,R1,GAATTTTTACTAACAAATGG
branch_x,s_in_b,branch,sgA,R2,CCATTTGTTAGTAAAAATTC
branch_x,s_in_b,branch,sgB,R1,GAATTTTTACTAACAAATGG
branch_x,s_in_b,branch,sgB,R2,CCATTTGTTAGTAAAAATTC
branch_x,s_in_b,branch,sgA,R1,AATTTTTACTAACAAATGGT
branch_x,s_in_b,branch,sgA,R2,ACCATTTGTTAGTAAAAATT
branch_x,s_in_b,branch,sgB,R1,AATTTTTACTAACAAATGGT
branch_x,s_in_b,branch,sgB,R2,ACCATTTGTTAGTAAAAATT
branch_x,s_in_b,branch,sgA,R1,ATTTTTACTAACAAATGGTA
branch_x,s_in_b,branch,sgA,R2,TACCATTTGTTAGTAAAAAT
branch_x,s_in_b,branch,sgB,R1,ATTTTTACTAACAAATGGTA
branch_x,s_in_b,branch,sgB,R2,TACCATTTGTTAGTAAAAAT
branch_x,s_in_b,branch,sgA,R1,TTTTTACTAACAAATGGTAT
branch_x,s_in_b,branch,sgA,R2,ATACCATTTGTTAGTAAAAA
branch_x,s_in_b,branch,sgB,R1,TTTTTACTAACAAATGGTAT
branch_x,s_in_b,branch,sgB,R2,ATACCATTTGTTAGTAAAAA
branch_x,s_in_b,branch,sgA,R1,TTTTACTAACAAATGGTATT
branch_x,s_in_b,branch,sgA,R2,AATACCATTTGTTAGTAAAA
branch_x,s_in_b,branch,sgB,R1,TTTTACTAACAAATGGTATT
branch_x,s_in_b,branch,sgB,R2,AATACCATTTGTTAGTAAAA
branch_x,s_in_b,branch,sgA,R1,TTTACTAACAAATGGTATTA
branch_x,s_in_b,branch,sgA,R2,TAATACCATTTGTTAGTAAA
branch_x,s_in_b,branch,sgB,R1,TTTACTAACAAATGGTATTA
branch_x,s_in_b,branch,sgB,R2,TAATACCATTTGTTAGTAAA
branch_x,s_in_b,branch,sgA,R1,TTACTAACAAATGGTATTAT
branch_x,s_in_b,branch,sgA,R2,ATAATACCATTTGTTAGTAA
branch_x,s_in_b,branch,sgB,R1,TTACTAACAAATGGTATTAT
branch_x,s_in_b,branch,sgB,R2,ATAATACCATTTGTTAGTAA
branch_x,s_in_b,branch,sgA,R1,TACTAACAAATGGTATTATT
branch_x,s_in_b,branch,sgA,R2,AATAATACCATTTGTTAGTA
branch_x,s_in_b,branch,sgB,R1,TACTAACAAATGGTATTATT
branch_x,s_in_b,branch,sgB,R2,AATAATACCATTTGTTAGTA
branch_x,s_in_b,branch,sgA,R1,ACTAACAAATGGTATTATTT
branch_x,s_in_b,branch,sgA,R2,AAATAATACCATTTGTTAGT
branch_x,s_in_b,branch,sgB,R1,ACTAACAAATGGTATTATTT
branch_x,s_in_b,branch,sgB,R2,AAATAATACCATTTGTTAGT
branch_x,s_in_b,branch,sgA,R1,CTAACAAATGGTATTATTTA
branch_x,s_in_b,branch,sgA,R2,TAAATAATACCATTTGTTAG
branch_x,s_in_b,branch,sgB,R1,CTAACAAATGGTATTATTTA
branch_x,s_in_b,branch,sgB,R2,TAAATAATACCATTTGTTAG
branch_x,s_in_b,branch,sgA,R1,TAACAAATGGTATTATTTAT
branch_x,s_in_b,branch,sgA,R2,ATAAATAATACCATTTGTTA
branch_x,s_in_b,branch,sgB,R1,TAACAAATGGTATTATTTAT
branch_x,s_in_b,branch,sgB,R2,ATAAATAATACCATTTGTTA
branch_x,s_in_b,branch,sgA,R1,AACAAATGGTATTATTTATC
branch_x,s_in_b,branch,sgA,R2,GATAAATAATACCATTTGTT
branch_x,s_in_b,branch,sgB,R1,AACAAATGGTATTATTTATC
branch_x,s_in_b,branch,sgB,R2,GATAAATAATACCATTTGTT
branch_x,s_in_b,branch,sgA,R1,ACAAATGGTATTATTTATCC
branch_x,s_in_b,branch,sgA,R2,GGATAAATAATACCATTTGT
branch_x,s_in_b,branch,sgB,R1,ACAAATGGTATTATTTATCC
branch_x,s_in_b,branch,sgB,R2,GGATAAATAATACCATTTGT
branch_x,s_in_b,branch,sgA,R1,CAAATGGTATTATTTATCCA
branch_x,s_in_b,branch,sgA,R2,TGGATAAATAATACCATTTG
branch_x,s_in_b,branch,sgB,R1,CAAATGGTATTATTTATCCA
branch_x,s_in_b,branch,sgB,R2,TGGATAAATAATACCATTTG
branch_x,s_in_b,branch,sgA,R1,AAATGGTATTATTTATCCAC
branch_x,s_in_b,branch,sgA,R2,GTGGATAAATAATACCATTT
branch_x,s_in_b,branch,sgB,R1,AAATGGTATTATTTATCCAC
branch_x,s_in_b,branch,sgB,R2,GTGGATAAATAATACCATTT
branch_x,s_in_b,branch,sgA,R1,AATGGTATTATTTATCCACA
branch_x,s_in_b,branch,sgA,R2,TGTGGATAAATAATACCATT
branch_x,s_in_b,branch,sgB,R1,AATGGTATTATTTATCCACA
branch_x,s_in_b,branch,sgB,R2,TGTGGATAAATAATACCATT
branch_x,s_in_b,branch,sgA,R1,ATGGTATTATTTATCCACAG
branch_x,s_in_b,branch,sgA,R2,CTGTGGATAAATAATACCAT
branch_x,s_in_b,branch,sgB,R1,ATGGTATTATTTATCCACAG
branch_x,s_in_b,branch,sgB,R2,CTGTGGATAAATAATACCAT
branch_x,b_in_s,sense,sgA,R1,TCGACTCTAGTTATCCACAG
branch_x,b_in_s,sense,sgA,R2,CTGTGGATAACTAGAGTCGA
branch_x,b_in_s,sense,sgB,R1,TCGACTCTAGTTATCCACAG
branch_x,b_in_s,sense,sgB,R2,CTGTGGATAACTAGAGTCGA
