Category,Name,Pattern,Construct,Breaks,Type,Strand,Left,Right,Sequence
mmej,EE1_GAA,GAA,BranchD,2DSB,exon_exon,R1,21,152,AGCGCGTGATGAAGTTCATCGGC
mmej,EE1_GAA,GAA,Sense,2DSB,exon_exon,R1,21,207,AGCGCGTGATGAAGTTCATCGGC
mmej,EE2_CTTC,CTTC,BranchD,2DSB,exon_exon,R1,24,137,GCGTGATGAACTTCATCTACAAGG
mmej,EE2_CTTC,CTTC,Sense,2DSB,exon_exon,R1,24,192,GCGTGATGAACTTCATCTACAAGG
mmej,EE3_AGG,AGG,BranchD,2DSB,exon_exon,R1,29,148,ATGAACTTCGAGGTGAAGTTCAT
mmej,EE3_AGG,AGG,Sense,2DSB,exon_exon,R1,29,203,ATGAACTTCGAGGTGAAGTTCAT
mmej,EE4_GACGGC,GACGGC,BranchD,2DSB,exon_exon,R1,31,129,GAACTTCGAGGACGGCTGCTTCATCT
mmej,EE4_GACGGC,GACGGC,Sense,2DSB,exon_exon,R1,31,184,GAACTTCGAGGACGGCTGCTTCATCT
mmej,EE5_CGGC,CGGC,BranchD,2DSB,exon_exon,R1,36,131,TCGAGGACGGCGGCTGCTTCATCT
mmej,EE5_CGGC,CGGC,Sense,2DSB,exon_exon,R1,36,186,TCGAGGACGGCGGCTGCTTCATCT
mmej,EE6_GTG,GTG,BranchD,2DSB,exon_exon,R1,40,150,GGACGGCGGCGTGAAGTTCATCG
mmej,EE6_GTG,GTG,Sense,2DSB,exon_exon,R1,40,205,GGACGGCGGCGTGAAGTTCATCG
mmej,EE7_GGC,GGC,BranchD,2DSB,exon_exon,R1,42,132,ACGGCGGCGTGGCTGCTTCATCT
mmej,EE7_GGC,GGC,Sense,2DSB,exon_exon,R1,42,187,ACGGCGGCGTGGCTGCTTCATCT
mmej,EE8_GAC,GAC,BranchD,2DSB,exon_exon,R1,45,129,GCGGCGTGGCGACGGCTGCTTCA
mmej,EE8_GAC,GAC,Sense,2DSB,exon_exon,R1,45,184,GCGGCGTGGCGACGGCTGCTTCA
mmej,EE9_GTGA,GTGA,BranchD,2DSB,exon_exon,R1,49,150,CGTGGCGACCGTGAAGTTCATCGG
mmej,EE9_GTGA,GTGA,Sense,2DSB,exon_exon,R1,49,205,CGTGGCGACCGTGAAGTTCATCGG
mmej,EE10_GAC,GAC,BranchD,2DSB,exon_exon,R1,51,129,TGGCGACCGTGACGGCTGCTTCA
mmej,EE10_GAC,GAC,Sense,2DSB,exon_exon,R1,51,184,TGGCGACCGTGACGGCTGCTTCA
mmej,EE11_AGG,AGG,BranchD,2DSB,exon_exon,R1,56,148,ACCGTGACCCAGGTGAAGTTCAT
mmej,EE11_AGG,AGG,Sense,2DSB,exon_exon,R1,56,203,ACCGTGACCCAGGTGAAGTTCAT
mmej,EE12_GAC,GAC,BranchD,2DSB,exon_exon,R1,58,129,CGTGACCCAGGACGGCTGCTTCA
mmej,EE12_GAC,GAC,Sense,2DSB,exon_exon,R1,58,184,CGTGACCCAGGACGGCTGCTTCA
mmej,EE1R_TTC,TTC,BranchD,2DSB,exon_exon,R2,21,152,GCCGATGAACTTCATCACGCGCT
mmej,EE1R_TTC,TTC,Sense,2DSB,exon_exon,R2,21,207,GCCGATGAACTTCATCACGCGCT
mmej,EE2R_GAAG,GAAG,BranchD,2DSB,exon_exon,R2,35,148,CCTTGTAGATGAAGTTCATCACGC
mmej,EE2R_GAAG,GAAG,Sense,2DSB,exon_exon,R2,35,203,CCTTGTAGATGAAGTTCATCACGC
mmej,EE3R_CCT,CCT,BranchD,2DSB,exon_exon,R2,25,144,ATGAACTTCACCTCGAAGTTCAT
mmej,EE3R_CCT,CCT,Sense,2DSB,exon_exon,R2,25,199,ATGAACTTCACCTCGAAGTTCAT
mmej,EE4R_GCCGTC,GCCGTC,BranchD,2DSB,exon_exon,R2,41,139,AGATGAAGCAGCCGTCCTCGAAGTTC
mmej,EE4R_GCCGTC,GCCGTC,Sense,2DSB,exon_exon,R2,41,194,AGATGAAGCAGCCGTCCTCGAAGTTC
mmej,EE5R_GCCG,GCCG,BranchD,2DSB,exon_exon,R2,41,136,AGATGAAGCAGCCGCCGTCCTCGA
mmej,EE5R_GCCG,GCCG,Sense,2DSB,exon_exon,R2,41,191,AGATGAAGCAGCCGCCGTCCTCGA
mmej,EE6R_CAC,CAC,BranchD,2DSB,exon_exon,R2,23,133,CGATGAACTTCACGCCGCCGTCC
mmej,EE6R_CAC,CAC,Sense,2DSB,exon_exon,R2,23,188,CGATGAACTTCACGCCGCCGTCC
mmej,EE7R_GCC,GCC,BranchD,2DSB,exon_exon,R2,41,131,AGATGAAGCAGCCACGCCGCCGT
mmej,EE7R_GCC,GCC,Sense,2DSB,exon_exon,R2,41,186,AGATGAAGCAGCCACGCCGCCGT
mmej,EE8R_GTC,GTC,BranchD,2DSB,exon_exon,R2,44,128,TGAAGCAGCCGTCGCCACGCCGC
mmej,EE8R_GTC,GTC,Sense,2DSB,exon_exon,R2,44,183,TGAAGCAGCCGTCGCCACGCCGC
mmej,EE9R_TCAC,TCAC,BranchD,2DSB,exon_exon,R2,22,123,CCGATGAACTTCACGGTCGCCACG
mmej,EE9R_TCAC,TCAC,Sense,2DSB,exon_exon,R2,22,178,CCGATGAACTTCACGGTCGCCACG
mmej,EE10R_GTC,GTC,BranchD,2DSB,exon_exon,R2,44,122,TGAAGCAGCCGTCACGGTCGCCA
mmej,EE10R_GTC,GTC,Sense,2DSB,exon_exon,R2,44,177,TGAAGCAGCCGTCACGGTCGCCA
mmej,EE11R_CCT,CCT,BranchD,2DSB,exon_exon,R2,25,117,ATGAACTTCACCTGGGTCACGGT
mmej,EE11R_CCT,CCT,Sense,2DSB,exon_exon,R2,25,172,ATGAACTTCACCTGGGTCACGGT
mmej,EE12R_GTC,GTC,BranchD,2DSB,exon_exon,R2,44,115,TGAAGCAGCCGTCCTGGGTCACG
mmej,EE12R_GTC,GTC,Sense,2DSB,exon_exon,R2,44,170,TGAAGCAGCCGTCCTGGGTCACG
mmej,EE1_GAA,GAA,BranchD,sgA,exon_exon,R1,21,152,AGCGCGTGATGAAGTTCATCGGC
mmej,EE1_GAA,GAA,Sense,sgA,exon_exon,R1,21,207,AGCGCGTGATGAAGTTCATCGGC
mmej,EE2_CTTC,CTTC,BranchD,sgA,exon_exon,R1,24,137,GCGTGATGAACTTCATCTACAAGG
mmej,EE2_CTTC,CTTC,Sense,sgA,exon_exon,R1,24,192,GCGTGATGAACTTCATCTACAAGG
mmej,EE3_AGG,AGG,BranchD,sgA,exon_exon,R1,29,148,ATGAACTTCGAGGTGAAGTTCAT
mmej,EE3_AGG,AGG,Sense,sgA,exon_exon,R1,29,203,ATGAACTTCGAGGTGAAGTTCAT
mmej,EE4_GACGGC,GACGGC,BranchD,sgA,exon_exon,R1,31,129,GAACTTCGAGGACGGCTGCTTCATCT
mmej,EE4_GACGGC,GACGGC,Sense,sgA,exon_exon,R1,31,184,GAACTTCGAGGACGGCTGCTTCATCT
mmej,EE5_CGGC,CGGC,BranchD,sgA,exon_exon,R1,36,131,TCGAGGACGGCGGCTGCTTCATCT
mmej,EE5_CGGC,CGGC,Sense,sgA,exon_exon,R1,36,186,TCGAGGACGGCGGCTGCTTCATCT
mmej,EE6_GTG,GTG,BranchD,sgA,exon_exon,R1,40,150,GGACGGCGGCGTGAAGTTCATCG
mmej,EE6_GTG,GTG,Sense,sgA,exon_exon,R1,40,205,GGACGGCGGCGTGAAGTTCATCG
mmej,EE7_GGC,GGC,BranchD,sgA,exon_exon,R1,42,132,ACGGCGGCGTGGCTGCTTCATCT
mmej,EE7_GGC,GGC,Sense,sgA,exon_exon,R1,42,187,ACGGCGGCGTGGCTGCTTCATCT
mmej,EE8_GAC,GAC,BranchD,sgA,exon_exon,R1,45,129,GCGGCGTGGCGACGGCTGCTTCA
mmej,EE8_GAC,GAC,Sense,sgA,exon_exon,R1,45,184,GCGGCGTGGCGACGGCTGCTTCA
mmej,EE9_GTGA,GTGA,BranchD,sgA,exon_exon,R1,49,150,CGTGGCGACCGTGAAGTTCATCGG
mmej,EE9_GTGA,GTGA,Sense,sgA,exon_exon,R1,49,205,CGTGGCGACCGTGAAGTTCATCGG
mmej,EE10_GAC,GAC,BranchD,sgA,exon_exon,R1,51,129,TGGCGACCGTGACGGCTGCTTCA
mmej,EE10_GAC,GAC,Sense,sgA,exon_exon,R1,51,184,TGGCGACCGTGACGGCTGCTTCA
mmej,EE11_AGG,AGG,BranchD,sgA,exon_exon,R1,56,148,ACCGTGACCCAGGTGAAGTTCAT
mmej,EE11_AGG,AGG,Sense,sgA,exon_exon,R1,56,203,ACCGTGACCCAGGTGAAGTTCAT
mmej,EE12_GAC,GAC,BranchD,sgA,exon_exon,R1,58,129,CGTGACCCAGGACGGCTGCTTCA
mmej,EE12_GAC,GAC,Sense,sgA,exon_exon,R1,58,184,CGTGACCCAGGACGGCTGCTTCA
mmej,EI1_ACT,ACT,BranchD,sgA,exon_intron,R1,23,87,CGCGTGATGAACTAAAGGAGGCT
mmej,EI1_ACT,ACT,Sense,sgA,exon_intron,R1,23,87,CGCGTGATGAACTAAAGGAGGCT
mmej,EI2_ACT,ACT,BranchD,sgA,exon_intron,R1,23,112,CGCGTGATGAACTCTAGTTATCC
mmej,EI2_ACT,ACT,Sense,sgA,exon_intron,R1,23,112,CGCGTGATGAACTCTAGACGCGT
mmej,EI3_CTT,CTT,BranchD,sgA,exon_intron,R1,24,98,GCGTGATGAACTTTTCTCAGGTC
mmej,EI3_CTT,CTT,Sense,sgA,exon_intron,R1,24,98,GCGTGATGAACTTTTCTCAGGTC
mmej,EI4_TTC,TTC,BranchD,sgA,exon_intron,R1,25,101,CGTGATGAACTTCTCAGGTCGAC
mmej,EI4_TTC,TTC,Sense,sgA,exon_intron,R1,25,101,CGTGATGAACTTCTCAGGTCGAC
mmej,EI5_TCGA,TCGA,BranchD,sgA,exon_intron,R1,26,109,GTGATGAACTTCGACTCTAGTTAT
mmej,EI5_TCGA,TCGA,Sense,sgA,exon_intron,R1,26,109,GTGATGAACTTCGACTCTAGACGC
mmej,EI6_GAGG,GAGG,BranchD,sgA,exon_intron,R1,28,94,GATGAACTTCGAGGCTTTTCTCAG
mmej,EI6_GAGG,GAGG,Sense,sgA,exon_intron,R1,28,94,GATGAACTTCGAGGCTTTTCTCAG
mmej,EI7_AGG,AGG,BranchD,sgA,exon_intron,R1,29,106,ATGAACTTCGAGGTCGACTCTAG
mmej,EI7_AGG,AGG,Sense,sgA,exon_intron,R1,29,106,ATGAACTTCGAGGTCGACTCTAG
mmej,EI8_AGGA,AGGA,BranchD,sgA,exon_intron,R1,29,92,ATGAACTTCGAGGAGGCTTTTCTC
mmej,EI8_AGGA,AGGA,Sense,sgA,exon_intron,R1,29,92,ATGAACTTCGAGGAGGCTTTTCTC
mmej,EI9_GGAC,GGAC,BranchD,sgA,exon_intron,R1,30,85,TGAACTTCGAGGACTAAAGGAGGC
mmej,EI9_GGAC,GGAC,Sense,sgA,exon_intron,R1,30,85,TGAACTTCGAGGACTAAAGGAGGC
mmej,EI10_GAC,GAC,BranchD,sgA,exon_intron,R1,31,111,GAACTTCGAGGACTCTAGTTATC
mmej,EI10_GAC,GAC,Sense,sgA,exon_intron,R1,31,111,GAACTTCGAGGACTCTAGACGCG
mmej,EI11_GGC,GGC,BranchD,sgA,exon_intron,R1,34,96,CTTCGAGGACGGCTTTTCTCAGG
mmej,EI11_GGC,GGC,Sense,sgA,exon_intron,R1,34,96,CTTCGAGGACGGCTTTTCTCAGG
mmej,EI12_GGC,GGC,BranchD,sgA,exon_intron,R1,37,96,CGAGGACGGCGGCTTTTCTCAGG
mmej,EI12_GGC,GGC,Sense,sgA,exon_intron,R1,37,96,CGAGGACGGCGGCTTTTCTCAGG
mmej,EI13_TGG,TGG,BranchD,sgA,exon_intron,R1,41,84,GACGGCGGCGTGGACTAAAGGAG
mmej,EI13_TGG,TGG,Sense,sgA,exon_intron,R1,41,84,GACGGCGGCGTGGACTAAAGGAG
mmej,EI14_GGC,GGC,BranchD,sgA,exon_intron,R1,42,96,ACGGCGGCGTGGCTTTTCTCAGG
mmej,EI14_GGC,GGC,Sense,sgA,exon_intron,R1,42,96,ACGGCGGCGTGGCTTTTCTCAGG
mmej,EI15_GAC,GAC,BranchD,sgA,exon_intron,R1,45,86,GCGGCGTGGCGACTAAAGGAGGC
mmej,EI15_GAC,GAC,Sense,sgA,exon_intron,R1,45,86,GCGGCGTGGCGACTAAAGGAGGC
mmej,EI16_CGAC,CGAC,BranchD,sgA,exon_intron,R1,44,110,GGCGGCGTGGCGACTCTAGTTATC
mmej,EI16_CGAC,CGAC,Sense,sgA,exon_intron,R1,44,110,GGCGGCGTGGCGACTCTAGACGCG
mmej,EI17_GAC,GAC,BranchD,sgA,exon_intron,R1,51,86,TGGCGACCGTGACTAAAGGAGGC
mmej,EI17_GAC,GAC,Sense,sgA,exon_intron,R1,51,86,TGGCGACCGTGACTAAAGGAGGC
mmej,EI18_GAC,GAC,BranchD,sgA,exon_intron,R1,51,111,TGGCGACCGTGACTCTAGTTATC
mmej,EI18_GAC,GAC,Sense,sgA,exon_intron,R1,51,111,TGGCGACCGTGACTCTAGACGCG
mmej,EI19_AGG,AGG,BranchD,sgA,exon_intron,R1,56,95,ACCGTGACCCAGGCTTTTCTCAG
mmej,EI19_AGG,AGG,Sense,sgA,exon_intron,R1,56,95,ACCGTGACCCAGGCTTTTCTCAG
mmej,EI20_CAGG,CAGG,BranchD,sgA,exon_intron,R1,55,105,GACCGTGACCCAGGTCGACTCTAG
mmej,EI20_CAGG,CAGG,Sense,sgA,exon_intron,R1,55,105,GACCGTGACCCAGGTCGACTCTAG
mmej,EI21_AGGA,AGGA,BranchD,sgA,exon_intron,R1,56,92,ACCGTGACCCAGGAGGCTTTTCTC
mmej,EI21_AGGA,AGGA,Sense,sgA,exon_intron,R1,56,92,ACCGTGACCCAGGAGGCTTTTCTC
mmej,EI22_GGACT,GGACT,BranchD,sgA,exon_intron,R1,57,85,CCGTGACCCAGGACTAAAGGAGGCT
mmej,EI22_GGACT,GGACT,Sense,sgA,exon_intron,R1,57,85,CCGTGACCCAGGACTAAAGGAGGCT
mmej,EI23_CTC,CTC,BranchD,sgA,exon_intron,R1,60,103,TGACCCAGGACTCAGGTCGACTC
mmej,EI23_CTC,CTC,Sense,sgA,exon_intron,R1,60,103,TGACCCAGGACTCAGGTCGACTC
mmej,EI24_GACTC,GACTC,BranchD,sgA,exon_intron,R1,58,111,CGTGACCCAGGACTCTAGTTATCCA
mmej,EI24_GACTC,GACTC,Sense,sgA,exon_intron,R1,58,111,CGTGACCCAGGACTCTAGACGCGTA
mmej,EI25_CTC,CTC,BranchD,sgA,exon_intron,R1,63,103,CCCAGGACTCCTCAGGTCGACTC
mmej,EI25_CTC,CTC,Sense,sgA,exon_intron,R1,63,103,CCCAGGACTCCTCAGGTCGACTC
mmej,EI26_CTC,CTC,BranchD,sgA,exon_intron,R1,63,113,CCCAGGACTCCTCTAGTTATCCA
mmej,EI26_CTC,CTC,Sense,sgA,exon_intron,R1,63,113,CCCAGGACTCCTCTAGACGCGTA
mmej,EE1R_TTC,TTC,BranchD,sgB,exon_exon,R2,21,152,GCCGATGAACTTCATCACGCGCT
mmej,EE1R_TTC,TTC,Sense,sgB,exon_exon,R2,21,207,GCCGATGAACTTCATCACGCGCT
mmej,EE2R_GAAG,GAAG,BranchD,sgB,exon_exon,R2,35,148,CCTTGTAGATGAAGTTCATCACGC
mmej,EE2R_GAAG,GAAG,Sense,sgB,exon_exon,R2,35,203,CCTTGTAGATGAAGTTCATCACGC
mmej,EE3R_CCT,CCT,BranchD,sgB,exon_exon,R2,25,144,ATGAACTTCACCTCGAAGTTCAT
mmej,EE3R_CCT,CCT,Sense,sgB,exon_exon,R2,25,199,ATGAACTTCACCTCGAAGTTCAT
mmej,EE4R_GCCGTC,GCCGTC,BranchD,sgB,exon_exon,R2,41,139,AGATGAAGCAGCCGTCCTCGAAGTTC
mmej,EE4R_GCCGTC,GCCGTC,Sense,sgB,exon_exon,R2,41,194,AGATGAAGCAGCCGTCCTCGAAGTTC
mmej,EE5R_GCCG,GCCG,BranchD,sgB,exon_exon,R2,41,136,AGATGAAGCAGCCGCCGTCCTCGA
mmej,EE5R_GCCG,GCCG,Sense,sgB,exon_exon,R2,41,191,AGATGAAGCAGCCGCCGTCCTCGA
mmej,EE6R_CAC,CAC,BranchD,sgB,exon_exon,R2,23,133,CGATGAACTTCACGCCGCCGTCC
mmej,EE6R_CAC,CAC,Sense,sgB,exon_exon,R2,23,188,CGATGAACTTCACGCCGCCGTCC
mmej,EE7R_GCC,GCC,BranchD,sgB,exon_exon,R2,41,131,AGATGAAGCAGCCACGCCGCCGT
mmej,EE7R_GCC,GCC,Sense,sgB,exon_exon,R2,41,186,AGATGAAGCAGCCACGCCGCCGT
mmej,EE8R_GTC,GTC,BranchD,sgB,exon_exon,R2,44,128,TGAAGCAGCCGTCGCCACGCCGC
mmej,EE8R_GTC,GTC,Sense,sgB,exon_exon,R2,44,183,TGAAGCAGCCGTCGCCACGCCGC
mmej,EE9R_TCAC,TCAC,BranchD,sgB,exon_exon,R2,22,123,CCGATGAACTTCACGGTCGCCACG
mmej,EE9R_TCAC,TCAC,Sense,sgB,exon_exon,R2,22,178,CCGATGAACTTCACGGTCGCCACG
mmej,EE10R_GTC,GTC,BranchD,sgB,exon_exon,R2,44,122,TGAAGCAGCCGTCACGGTCGCCA
mmej,EE10R_GTC,GTC,Sense,sgB,exon_exon,R2,44,177,TGAAGCAGCCGTCACGGTCGCCA
mmej,EE11R_CCT,CCT,BranchD,sgB,exon_exon,R2,25,117,ATGAACTTCACCTGGGTCACGGT
mmej,EE11R_CCT,CCT,Sense,sgB,exon_exon,R2,25,172,ATGAACTTCACCTGGGTCACGGT
mmej,EE12R_GTC,GTC,BranchD,sgB,exon_exon,R2,44,115,TGAAGCAGCCGTCCTGGGTCACG
mmej,EE12R_GTC,GTC,Sense,sgB,exon_exon,R2,44,170,TGAAGCAGCCGTCCTGGGTCACG
mmej,EE13R_GCAG,GCAG,BranchD,sgB,exon_exon,R2,38,105,TGTAGATGAAGCAGGGAGGAGTCC
mmej,EE13R_GCAG,GCAG,Sense,sgB,exon_exon,R2,38,160,TGTAGATGAAGCAGGGAGGAGTCC
mmej,EI27R_GTC,GTC,BranchD,sgB,exon_intron,R2,44,87,TGAAGCAGCCGTCCATATTAACA
mmej,EI27R_GTC,GTC,Sense,sgB,exon_intron,R2,44,142,TGAAGCAGCCGTCCATATTAACA
mmej,EI28R_TAG,TAG,BranchD,sgB,exon_intron,R2,30,85,CTTCACCTTGTAGTCCATATTAA
mmej,EI28R_TAG,TAG,Sense,sgB,exon_intron,R2,30,140,CTTCACCTTGTAGTCCATATTAA
mmej,EI29R_CCTT,CCTT,BranchD,sgB,exon_intron,R2,25,81,ATGAACTTCACCTTTAGTCCATAT
mmej,EI29R_CCTT,CCTT,Sense,sgB,exon_intron,R2,25,136,ATGAACTTCACCTTTAGTCCATAT
mmej,EI30R_CCT,CCT,BranchD,sgB,exon_intron,R2,25,78,ATGAACTTCACCTCCTTTAGTCC
mmej,EI30R_CCT,CCT,Sense,sgB,exon_intron,R2,25,133,ATGAACTTCACCTCCTTTAGTCC
mmej,EI31R_AGCC,AGCC,BranchD,sgB,exon_intron,R2,40,76,TAGATGAAGCAGCCTCCTTTAGTC
mmej,EI31R_AGCC,AGCC,Sense,sgB,exon_intron,R2,40,131,TAGATGAAGCAGCCTCCTTTAGTC
mmej,EI32R_AAGC,AAGC,BranchD,sgB,exon_intron,R2,36,75,CTTGTAGATGAAGCCTCCTTTAGT
mmej,EI32R_AAGC,AAGC,Sense,sgB,exon_intron,R2,36,130,CTTGTAGATGAAGCCTCCTTTAGT
mmej,EI33R_GAA,GAA,BranchD,sgB,exon_intron,R2,35,72,CCTTGTAGATGAAAAGCCTCCTT
mmej,EI33R_GAA,GAA,Sense,sgB,exon_intron,R2,35,127,CCTTGTAGATGAAAAGCCTCCTT
mmej,EI34R_AGA,AGA,BranchD,sgB,exon_intron,R2,31,71,TTCACCTTGTAGAAAAGCCTCCT
mmej,EI34R_AGA,AGA,Sense,sgB,exon_intron,R2,31,126,TTCACCTTGTAGAAAAGCCTCCT
mmej,EI35R_TGA,TGA,BranchD,sgB,exon_intron,R2,34,69,ACCTTGTAGATGAGAAAAGCCTC
mmej,EI35R_TGA,TGA,Sense,sgB,exon_intron,R2,34,124,ACCTTGTAGATGAGAAAAGCCTC
mmej,EI36R_ACCT,ACCT,BranchD,sgB,exon_intron,R2,24,66,GATGAACTTCACCTGAGAAAAGCC
mmej,EI36R_ACCT,ACCT,Sense,sgB,exon_intron,R2,24,121,GATGAACTTCACCTGAGAAAAGCC
mmej,EI37R_GTC,GTC,BranchD,sgB,exon_intron,R2,44,62,TGAAGCAGCCGTCGACCTGAGAA
mmej,EI37R_GTC,GTC,Sense,sgB,exon_intron,R2,44,117,TGAAGCAGCCGTCGACCTGAGAA
mmej,EI38R_TAGA,TAGA,BranchD,sgB,exon_intron,R2,30,58,CTTCACCTTGTAGAGTCGACCTGA
mmej,EI38R_TAGA,TAGA,Sense,sgB,exon_intron,R2,30,113,CTTCACCTTGTAGAGTCGACCTGA
