Sequence,CIGAR,Count,Num_Subst
TTCAAGTGGGAGCGCGTGATGAACTTCGAGGACGGCGGCGTGGCGACCGTGACCCAGGACTCCTGCCGGCTGCTTCATCTACAAGGTGAAGTTCATCGGCGTGAACTTCC,64M3D46M,44,1
TTCAAGTGGGAGCGCGTGATGAACTTCGAGGACGGCGGCGTGGCGACCGTGACCCAGGACTCCTCGCCGGCTGCTTCATCTACAAGGTGAAGTTCATCGGCGTGAACTTCC,65M2D46M,43,1
TTCAAGTGGGAGCGCGTGATGAACTTCGAGGACGGCGGCGTGGCGACCGTGACCCAGGACTCCGCCGGCTGCTTCATCTACAAGGTGAAGTTCATCGGCGTGAACTTCC,63M4D46M,43,1
TTCAAGTGGGAGCGCGTGATGAACTTCGAGGACGGCGGCGTGGCGACCGTGACCCAGGACTCCTGCCGGCTGCTTCATCTACAAGGTGAAGTTCATCGGCGTGAACTTCC,66M3D44M,34,1
TTCAAGTGGGAGCGCGTGATGAACTTCGAGGACGGCGGCGTGGCGACCGTGACCCAGGACTCCTGCCTGCTTCATCTACAAGGTGAAGTTCATCGGCGTGAACTTCC,66M6D41M,19,1
TTCAAGTGGGAGCGCGTGATGAACTTCGAGGACGGCGGCGTGGCGACCGTGACCCAGGACTCCTACCTACAAGGTGAAGTTCATCGGCGTGAACTTCC,66M15D32M,10,1
TTCAAGTGGGAGCGCGTGATGAACTTCGAGGACGGCGGCGTGGCGACCGTGACCCAGGACGCCGGCTGCTTCATCTACAAGGTGAAGTTCATCGGCGTGAACTTCC,60M7D46M,8,1
TTCAAGTGGGAGCGCGTGATGAACTTCGAGGACGGCGGCGTGGCGACCGTGACCCAGGACTCCTACCTCTGCTTCATCTACAAGGTGAAGTTCATCGGCGTGAACTTCC,67M4D42M,8,2
TTCAAGTGGGAGCGCGTGATGAACTTCGAGGACGGCGGCGTGGCGACCGTGGCCGGCTGCTTCATCTACAAGGTGAAGTTCATCGGCGTGAACTTCC,51M16D46M,7,1
TTCAAGTGGGAGCGCGTGATGAACTTCGAGGACGGCGGCGTGGCGACCGTGACCCAGGACTCGTCTGCTTCATCTACAAGGTGAAGTTCATCGGCGTGAACTTCC,61M8D44M,6,1
TTCAAGTGGGAGCGCGTGATGAACTTCGAGGACGGCGGCGTGGCGACCGTGACCCAGGACTCCTGCCGCTTCATCTACAAGGTGAAGTTCATCGGCGTGAACTTCC,67M7D39M,5,1
TTCAAGTGGGAGCGCGTGATGAACTTCGAGGACGGCGGCGTGGCGACCGTGACCCAGGACTCCTGCCTGCTTCATCTACAAGGTGAAGTTCATCGGCGTGAACTTCC,64M6D43M,4,1
TTCAAGTGGGAGCGCGTGATGAACTTCGAGGACGGCGGCGTGGCGACCGTGACCCAGGACTGCTCCTTCATCTACAAGGTGAAGTTCATCGGCGTGAACTTCC,65M10D38M,4,1
TTCAAGTGGGAGCGCGTGATGAACTTCGAGGACGGCGGCGTGGCGACCGTGACCCAGGACTCCTTCCATCTACAAGGTGAAGTTCATCGGCGTGAACTTCC,66M12D35M,4,1
TTCAAGTGGGAGCGCGTGATGAACTTCGAGGACGGCGGCGTGGCGACCGTGACCCAGGACTCCTGCCTCATCTACAAGGTGAAGTTCATCGGCGTGAACTTCC,67M10D36M,4,1
TTCAAGTGGGAGCGCGTGATGAACTTCGAGGACGGCGGCGTGGCGACCGTGACCCAGGGCTCCTTCATCTACAAGGTGAAGTTCATCGGCGTGAACTTCC,62M13D38M,3,1
TTCAAGTGGGAGCGCGTGATGAACTTCGAGGACGGCGGCGTGGCGACCGTGACCCAGGACGACTCCTTCATCTACAAGGTGAAGTTCATCGGCGTGAACTTCC,57M10D46M,3,2
TTCAAGTGGGAGCGCGTGATGAACTTCGAGGACGGCGGCGTGGCGACCGTGACCCAGGACTCCTTCCATCTACAAGGTGAAGTTCATCGGCGTGAACTTCC,64M12D37M,3,1
TTCAAGTGGGAGCGCGTGATGAACTTCGAGGACGGCGGCGTGGCGACCGTGACCCAGGACTCCTCGCCGGCTGCTTCATCTACAAGGTGAAGTTCATCGGCGTGAACTTCC,67M2D44M,3,1
TTCAAGTGGGAGCGCGTGATGAACTTCGAGGACGGCGGCGTGGCGACCGTGACCCAGGGCTCCTTCATCTACAAGGTGAAGTTCATCGGCGTGAACTTCC,57M13D43M,3,1
TTCAAGTGGGAGCGCGTGATGAACTTCGAGGACGGCGGCGTGGCGACCGTGACCCAGGACTCCTGCCTCATCTACAAGGTGAAGTTCATCGGCGTGAACTTCC,62M10D41M,2,1
TTCAAGTGGGAGCGCGTGATGAACTTCGAGGACGGCGGCGTGGCGACCGTGACCCAGGACTCCTCTCCATCTACAAGGTGAAGTTCATCGGCGTGAACTTCC,64M11D38M,2,1
TTCAAGTGGGAGCGCGTGATGAACTTCGAGGACGGCGGCGTGGCGACCGTGACCCAGGAGTAGTAGCCGGCTGCTTCATCTACAAGGTGAAGTTCATCGGCGTGAACTTCC,65M2D46M,2,5
TTCAAGTGGGAGCGCGTGATGAACTTCGAGGACGGCGGCGTGGCGACCGTGACCCAGGACTCTTCTTCATCTACAAGGTGAAGTTCATCGGCGTGAACTTCC,61M11D41M,2,1
TTCAAGTGGGAGCGCGTGATGAACTTCGAGGACGGCGGCGTGGCGACCGTGACCCAGGACTACTGCTGCTTCATCTACAAGGTGAAGTTCATCGGCGTGAACTTCC,61M7D45M,2,1
TTCAAGTGGGAGCGCGTGATGAACTTCGAGGACGGCGGCGTGGCGACCGTGACCCAGGACTACTGCTGCTTCATCTACAAGGTGAAGTTCATCGGCGTGAACTTCC,64M7D42M,2,1
TTCAAGTGGGAGCGCGTGATGAACTTCGAGGACGGCGGCGTGGCGACCGTGACCCAGGAGTTGGCTGCTTCATCTACAAGGTGAAGTTCATCGGCGTGAACTTCC,61M8D44M,2,2
TTCAAGTGGGAGCGCGTGATGAACTTCGAGGACGGCGGCGTGGCGACCGTGACCCAGGACTCCTACCTCTGCTTCATCTACAAGGTGAAGTTCATCGGCGTGAACTTCC,64M4D45M,1,2
TTCAAGTGGGAGCGCGTGATGAACTTCGAGGACGGCGGCGTGGCGACCGTGACACAGGACGCCGTCTTCATCTACAAGGTGAAGTTCATCGGCGTGAACTTCC,57M10D46M,1,4
TTCAAGTGGGAGCGCGTGATGAACTTCGAGGACGGCGGCGTGGCGACCGTGACCCAGGACGCCGGCTGCTTCATCTACAAGGTGAAGTTCATCGGCGTGAACTTCC,62M7D44M,1,1
TTCAAGTGGGAGCGCGTGATGAACTTCGAGGACGGCGGCGTGGCGACCGTGACCCAGGACTCCGCCTCATCTACAAGGTGAAGTTCATCGGCGTGAACTTCC,66M11D36M,1,1
TTCAAGTGGGAGCGCGTGATGAACTTCGAGGACGGCGGCGTGGCGACCGTGACCCAGGACGACTCCTTCATCTACAAGGTGAAGTTCATCGGCGTGAACTTCC,65M10D38M,1,2
TTCAAGTGGGAGCGCGTGATGAACTTCGAGGACGGCGGCGTGGCGACCGTGACCCAGGGCTGCTCCTTCATCTACAAGGTGAAGTTCATCGGCGTGAACTTCC,65M10D38M,1,2
TTCAAGTGGGAGCGCGTGATGAACTTCGAGGACGGCGGCGTGGCGACCGTGACCCAGGACTCGTCTGCTTCATCTACAAGGTGAAGTTCATCGGCGTGAACTTCC,64M8D41M,1,1
TTCAAGTGGGAGCGCGTGATGAACTTCGAGGACGGCGGCGTGGCGACCGTGACCCAGGAGTTGGCTGCTTCATCTACAAGGTGAAGTTCATCGGCGTGAACTTCC,59M8D46M,1,2
TTCAAGTGGGAGCGCGTGATGAACTTCGAGGACGGCGGCGTGGCGACCGTGACCCAGGACTCCTTCCTCTACAAGGTGAAGTTCATCGGCGTGAACTTCC,62M13D38M,1,1
TTCAAGTGGGAGCGCGTGATGAACTTCGAGGACGGCGGCGTGGCGACCGTGACCCAGCAGCTTCATCTACAAGGTGAAGTTCATCGGCGTGAACTTCC,59M15D39M,1,1
TTCAAGTGGGAGCGCGTGATGAACTTCGAGGACGGCGGCGTGGCGACCGTGACCCAGGACTGCTCCTTCATCTACAAGGTGAAGTTCATCGGCGTGAACTTCC,61M10D42M,1,1
TTCAAGTGGGAGCGCGTGATGAACTTCGAGGACGGCGGCGTGGCGACCGTGACACAGGACGCCGTCTTCATCTACAAGGTGAAGTTCATCGGCGTGAACTTCC,62M10D41M,1,4
TTCAAGTGGGAGCGCGTGATGAACTTCGAGGACGGCGGCGTGGCGACCGTGACCCAGGACTCTTCTTCATCTACAAGGTGAAGTTCATCGGCGTGAACTTCC,64M11D38M,1,1
TTCAAGTGGGAGCGCGTGATGAACTTCGAGGACGGCGGCGTGGCGACCGTGACCCAGGACTCCCCTCTGCTTCATCTACAAGGTGAAGTTCATCGGCGTGAACTTCC,65M6D42M,1,2
TTCAAGTGGGAGCGCGTGATGAACTTCGAGGACGGCGGCGTGGCGACCGTGACCCAGGAGTAGTAGCCGGCTGCTTCATCTACAAGGTGAAGTTCATCGGCGTGAACTTCC,67M2D44M,1,5
TTCAAGTGGGAGCGCGTGATGAACTTCGAGGACGGCGGCGTGGCGACCGTGACCCAGGACTCCTCTCCATCTACAAGGTGAAGTTCATCGGCGTGAACTTCC,67M11D35M,1,1
TTCAAGTGGGAGCGCGTGATGAACTTCGAGGACGGCGGCGTGGCGACCGTGACCCAGCAGCTTCATCTACAAGGTGAAGTTCATCGGCGTGAACTTCC,56M15D42M,1,1
TTCAAGTGGGAGCGCGTGATGAACTTCGAGGACGGCGGCGTGGCGACCGTGACCCAGGACTCCCCTCTGCTTCATCTACAAGGTGAAGTTCATCGGCGTGAACTTCC,63M6D44M,1,2
TTCAAGTGGGAGCGCGTGATGAACTTCGAGGACGGCGGCGTGGCGACCGTGGCCGGCTGCTTCATCTACAAGGTGAAGTTCATCGGCGTGAACTTCC,53M16D44M,1,1
TTCAAGTGGGAGCGCGTGATGAACTTCGAGGACGGCGGCGTGGCGACCGTGACCCAGGGCTGCTCCTTCATCTACAAGGTGAAGTTCATCGGCGTGAACTTCC,61M10D42M,1,2
TTCAAGTGGGAGCGCGTGATGAACTTCGAGGACGGCGGCGTGGCGACCGTGACCCAGGACTCCTACCTACAAGGTGAAGTTCATCGGCGTGAACTTCC,64M15D34M,1,1
TTCAAGTGGGAGCGCGTGATGAACTTCGAGGACGGCGGCGTGGCGACCGTGACCCAGGACTCCTGCCGCTTCATCTACAAGGTGAAGTTCATCGGCGTGAACTTCC,64M7D42M,1,1
TTCAAGTGGGAGCGCGTGATGAACTTCGAGGACGGCGGCGTGGCGACCGTGACCCAGGACTCCTTCCTCTACAAGGTGAAGTTCATCGGCGTGAACTTCC,67M13D33M,1,1
TTCAAGTGGGAGCGCGTGATGAACTTCGAGGACGGCGGCGTGGCGACCGTGACCCAGGACTCCGCCGGCTGCTTCATCTACAAGGTGAAGTTCATCGGCGTGAACTTCC,65M4D44M,1,1
TTCAAGTGGGAGCGCGTGATGAACTTCGAGGACGGCGGCGTGGCGACCGTGACCCAGGACTCCGCCTCATCTACAAGGTGAAGTTCATCGGCGTGAACTTCC,63M11D39M,1,1
