Name	Celltype	Breaks	Type	Strand	Left	Right	Pattern	Sequence	Reference
EB1	wt	hg39	exon_branch	Forward	21	148	GAA	AGCGCGTGATGAATTTTTACTAA	TTCAAGTGGGAGCGCGTGATGAATTTTTACTAACAAATGGTATTATTTATCCACAGGACGGCTGCTTCATCTACAAGGTGAAGTTCATCGGCGTGAACTTCC
EB1R	wt	hg39	exon_branch	Reverse	80	207	TTC	TTAGTAAAAATTCATCACGCGCT	GGAAGTTCACGCCGATGAACTTCACCTTGTAGATGAAGCAGCCGTCCTGTGGATAAATAATACCATTTGTTAGTAAAAATTCATCACGCGCTCCCACTTGAA
EB2	wt	hg39	exon_branch	Forward	22	159	AAC	GCGCGTGATGAACAAATGGTATT	TTCAAGTGGGAGCGCGTGATGAACAAATGGTATTATTTATCCACAGGACGGCTGCTTCATCTACAAGGTGAAGTTCATCGGCGTGAACTTCC
EB2R	wt	hg39	exon_branch	Reverse	69	206	GTT	AATACCATTTGTTCATCACGCGC	GGAAGTTCACGCCGATGAACTTCACCTTGTAGATGAAGCAGCCGTCCTGTGGATAAATAATACCATTTGTTCATCACGCGCTCCCACTTGAA
EB3	wt	hg39	exon_branch	Forward	23	156	ACT	CGCGTGATGAACTAACAAATGGT	TTCAAGTGGGAGCGCGTGATGAACTAACAAATGGTATTATTTATCCACAGGACGGCTGCTTCATCTACAAGGTGAAGTTCATCGGCGTGAACTTCC
EB3R	wt	hg39	exon_branch	Reverse	72	205	AGT	ACCATTTGTTAGTTCATCACGCG	GGAAGTTCACGCCGATGAACTTCACCTTGTAGATGAAGCAGCCGTCCTGTGGATAAATAATACCATTTGTTAGTTCATCACGCGCTCCCACTTGAA
EB4	wt	hg39	exon_branch	Forward	26	146	TCGA	GTGATGAACTTCGAATTTTTACTA	TTCAAGTGGGAGCGCGTGATGAACTTCGAATTTTTACTAACAAATGGTATTATTTATCCACAGGACGGCTGCTTCATCTACAAGGTGAAGTTCATCGGCGTGAACTTCC
EB4R	wt	hg39	exon_branch	Reverse	81	201	TCGA	TAGTAAAAATTCGAAGTTCATCAC	GGAAGTTCACGCCGATGAACTTCACCTTGTAGATGAAGCAGCCGTCCTGTGGATAAATAATACCATTTGTTAGTAAAAATTCGAAGTTCATCACGCGCTCCCACTTGAA
EB5	wt	hg39	exon_branch	Forward	27	141	CGAG	TGATGAACTTCGAGCTCGAATTTT	TTCAAGTGGGAGCGCGTGATGAACTTCGAGCTCGAATTTTTACTAACAAATGGTATTATTTATCCACAGGACGGCTGCTTCATCTACAAGGTGAAGTTCATCGGCGTGAACTTCC
EB5R	wt	hg39	exon_branch	Reverse	86	200	CTCG	AAAATTCGAGCTCGAAGTTCATCA	GGAAGTTCACGCCGATGAACTTCACCTTGTAGATGAAGCAGCCGTCCTGTGGATAAATAATACCATTTGTTAGTAAAAATTCGAGCTCGAAGTTCATCACGCGCTCCCACTTGAA
EB6	wt	hg39	exon_branch	Forward	29	125	AGGA	ATGAACTTCGAGGATCCCCCGGGT	TTCAAGTGGGAGCGCGTGATGAACTTCGAGGATCCCCCGGGTACCGAGCTCGAATTTTTACTAACAAATGGTATTATTTATCCACAGGACGGCTGCTTCATCTACAAGGTGAAGTTCATCGGCGTGAACTTCC
EB6R	wt	hg39	exon_branch	Reverse	102	198	TCCT	ACCCGGGGGATCCTCGAAGTTCAT	GGAAGTTCACGCCGATGAACTTCACCTTGTAGATGAAGCAGCCGTCCTGTGGATAAATAATACCATTTGTTAGTAAAAATTCGAGCTCGGTACCCGGGGGATCCTCGAAGTTCATCACGCGCTCCCACTTGAA
EB7	wt	hg39	exon_branch	Forward	32	119	ACG	AACTTCGAGGACGCGTAGGATCC	TTCAAGTGGGAGCGCGTGATGAACTTCGAGGACGCGTAGGATCCCCCGGGTACCGAGCTCGAATTTTTACTAACAAATGGTATTATTTATCCACAGGACGGCTGCTTCATCTACAAGGTGAAGTTCATCGGCGTGAACTTCC
EB7R	wt	hg39	exon_branch	Reverse	109	196	CGT	GGATCCTACGCGTCCTCGAAGTT	GGAAGTTCACGCCGATGAACTTCACCTTGTAGATGAAGCAGCCGTCCTGTGGATAAATAATACCATTTGTTAGTAAAAATTCGAGCTCGGTACCCGGGGGATCCTACGCGTCCTCGAAGTTCATCACGCGCTCCCACTTGAA
EB8	wt	hg39	exon_branch	Forward	33	134	CGG	ACTTCGAGGACGGGTACCGAGCT	TTCAAGTGGGAGCGCGTGATGAACTTCGAGGACGGGTACCGAGCTCGAATTTTTACTAACAAATGGTATTATTTATCCACAGGACGGCTGCTTCATCTACAAGGTGAAGTTCATCGGCGTGAACTTCC
EB8R	wt	hg39	exon_branch	Reverse	94	195	CCG	AGCTCGGTACCCGTCCTCGAAGT	GGAAGTTCACGCCGATGAACTTCACCTTGTAGATGAAGCAGCCGTCCTGTGGATAAATAATACCATTTGTTAGTAAAAATTCGAGCTCGGTACCCGTCCTCGAAGTTCATCACGCGCTCCCACTTGAA
EB9	wt	hg39	exon_branch	Forward	35	121	GCG	TTCGAGGACGGCGTAGGATCCCC	TTCAAGTGGGAGCGCGTGATGAACTTCGAGGACGGCGTAGGATCCCCCGGGTACCGAGCTCGAATTTTTACTAACAAATGGTATTATTTATCCACAGGACGGCTGCTTCATCTACAAGGTGAAGTTCATCGGCGTGAACTTCC
EB9R	wt	hg39	exon_branch	Reverse	107	193	CGC	GGGGATCCTACGCCGTCCTCGAA	GGAAGTTCACGCCGATGAACTTCACCTTGTAGATGAAGCAGCCGTCCTGTGGATAAATAATACCATTTGTTAGTAAAAATTCGAGCTCGGTACCCGGGGGATCCTACGCCGTCCTCGAAGTTCATCACGCGCTCCCACTTGAA
EB10	wt	hg39	exon_branch	Forward	36	134	CGG	TCGAGGACGGCGGGTACCGAGCT	TTCAAGTGGGAGCGCGTGATGAACTTCGAGGACGGCGGGTACCGAGCTCGAATTTTTACTAACAAATGGTATTATTTATCCACAGGACGGCTGCTTCATCTACAAGGTGAAGTTCATCGGCGTGAACTTCC
EB10R	wt	hg39	exon_branch	Reverse	94	192	CCG	AGCTCGGTACCCGCCGTCCTCGA	GGAAGTTCACGCCGATGAACTTCACCTTGTAGATGAAGCAGCCGTCCTGTGGATAAATAATACCATTTGTTAGTAAAAATTCGAGCTCGGTACCCGCCGTCCTCGAAGTTCATCACGCGCTCCCACTTGAA
EB11	wt	hg39	exon_branch	Forward	38	121	GCGT	GAGGACGGCGGCGTAGGATCCCCC	TTCAAGTGGGAGCGCGTGATGAACTTCGAGGACGGCGGCGTAGGATCCCCCGGGTACCGAGCTCGAATTTTTACTAACAAATGGTATTATTTATCCACAGGACGGCTGCTTCATCTACAAGGTGAAGTTCATCGGCGTGAACTTCC
EB11R	wt	hg39	exon_branch	Reverse	106	189	ACGC	GGGGGATCCTACGCCGCCGTCCTC	GGAAGTTCACGCCGATGAACTTCACCTTGTAGATGAAGCAGCCGTCCTGTGGATAAATAATACCATTTGTTAGTAAAAATTCGAGCTCGGTACCCGGGGGATCCTACGCCGCCGTCCTCGAAGTTCATCACGCGCTCCCACTTGAA
EB12	wt	hg39	exon_branch	Forward	41	165	TGG	GACGGCGGCGTGGTATTATTTAT	TTCAAGTGGGAGCGCGTGATGAACTTCGAGGACGGCGGCGTGGTATTATTTATCCACAGGACGGCTGCTTCATCTACAAGGTGAAGTTCATCGGCGTGAACTTCC
EB12R	wt	hg39	exon_branch	Reverse	63	187	CCA	ATAAATAATACCACGCCGCCGTC	GGAAGTTCACGCCGATGAACTTCACCTTGTAGATGAAGCAGCCGTCCTGTGGATAAATAATACCACGCCGCCGTCCTCGAAGTTCATCACGCGCTCCCACTTGAA
EB13	wt	hg39	exon_branch	Forward	43	121	GCG	CGGCGGCGTGGCGTAGGATCCCC	TTCAAGTGGGAGCGCGTGATGAACTTCGAGGACGGCGGCGTGGCGTAGGATCCCCCGGGTACCGAGCTCGAATTTTTACTAACAAATGGTATTATTTATCCACAGGACGGCTGCTTCATCTACAAGGTGAAGTTCATCGGCGTGAACTTCC
EB13R	wt	hg39	exon_branch	Reverse	107	185	CGC	GGGGATCCTACGCCACGCCGCCG	GGAAGTTCACGCCGATGAACTTCACCTTGTAGATGAAGCAGCCGTCCTGTGGATAAATAATACCATTTGTTAGTAAAAATTCGAGCTCGGTACCCGGGGGATCCTACGCCACGCCGCCGTCCTCGAAGTTCATCACGCGCTCCCACTTGAA
EB14	wt	hg39	exon_branch	Forward	44	141	CGA	GGCGGCGTGGCGAGCTCGAATTT	TTCAAGTGGGAGCGCGTGATGAACTTCGAGGACGGCGGCGTGGCGAGCTCGAATTTTTACTAACAAATGGTATTATTTATCCACAGGACGGCTGCTTCATCTACAAGGTGAAGTTCATCGGCGTGAACTTCC
EB14R	wt	hg39	exon_branch	Reverse	87	184	TCG	AAATTCGAGCTCGCCACGCCGCC	GGAAGTTCACGCCGATGAACTTCACCTTGTAGATGAAGCAGCCGTCCTGTGGATAAATAATACCATTTGTTAGTAAAAATTCGAGCTCGCCACGCCGCCGTCCTCGAAGTTCATCACGCGCTCCCACTTGAA
EB15	wt	hg39	exon_branch	Forward	44	147	CGA	GGCGGCGTGGCGAATTTTTACTA	TTCAAGTGGGAGCGCGTGATGAACTTCGAGGACGGCGGCGTGGCGAATTTTTACTAACAAATGGTATTATTTATCCACAGGACGGCTGCTTCATCTACAAGGTGAAGTTCATCGGCGTGAACTTCC
EB15R	wt	hg39	exon_branch	Reverse	81	184	TCG	TAGTAAAAATTCGCCACGCCGCC	GGAAGTTCACGCCGATGAACTTCACCTTGTAGATGAAGCAGCCGTCCTGTGGATAAATAATACCATTTGTTAGTAAAAATTCGCCACGCCGCCGTCCTCGAAGTTCATCACGCGCTCCCACTTGAA
EB16	wt	hg39	exon_branch	Forward	47	133	CCG	GGCGTGGCGACCGGGTACCGAGC	TTCAAGTGGGAGCGCGTGATGAACTTCGAGGACGGCGGCGTGGCGACCGGGTACCGAGCTCGAATTTTTACTAACAAATGGTATTATTTATCCACAGGACGGCTGCTTCATCTACAAGGTGAAGTTCATCGGCGTGAACTTCC
EB16R	wt	hg39	exon_branch	Reverse	95	181	CGG	GCTCGGTACCCGGTCGCCACGCC	GGAAGTTCACGCCGATGAACTTCACCTTGTAGATGAAGCAGCCGTCCTGTGGATAAATAATACCATTTGTTAGTAAAAATTCGAGCTCGGTACCCGGTCGCCACGCCGCCGTCCTCGAAGTTCATCACGCGCTCCCACTTGAA
EB17	wt	hg39	exon_branch	Forward	46	139	ACCG	CGGCGTGGCGACCGAGCTCGAATT	TTCAAGTGGGAGCGCGTGATGAACTTCGAGGACGGCGGCGTGGCGACCGAGCTCGAATTTTTACTAACAAATGGTATTATTTATCCACAGGACGGCTGCTTCATCTACAAGGTGAAGTTCATCGGCGTGAACTTCC
EB17R	wt	hg39	exon_branch	Reverse	88	181	CGGT	AATTCGAGCTCGGTCGCCACGCCG	GGAAGTTCACGCCGATGAACTTCACCTTGTAGATGAAGCAGCCGTCCTGTGGATAAATAATACCATTTGTTAGTAAAAATTCGAGCTCGGTCGCCACGCCGCCGTCCTCGAAGTTCATCACGCGCTCCCACTTGAA
EB18	wt	hg39	exon_branch	Forward	48	122	CGT	GCGTGGCGACCGTAGGATCCCCC	TTCAAGTGGGAGCGCGTGATGAACTTCGAGGACGGCGGCGTGGCGACCGTAGGATCCCCCGGGTACCGAGCTCGAATTTTTACTAACAAATGGTATTATTTATCCACAGGACGGCTGCTTCATCTACAAGGTGAAGTTCATCGGCGTGAACTTCC
EB18R	wt	hg39	exon_branch	Reverse	106	180	ACG	GGGGGATCCTACGGTCGCCACGC	GGAAGTTCACGCCGATGAACTTCACCTTGTAGATGAAGCAGCCGTCCTGTGGATAAATAATACCATTTGTTAGTAAAAATTCGAGCTCGGTACCCGGGGGATCCTACGGTCGCCACGCCGCCGTCCTCGAAGTTCATCACGCGCTCCCACTTGAA
EB19	wt	hg39	exon_branch	Forward	52	139	ACC	GGCGACCGTGACCGAGCTCGAAT	TTCAAGTGGGAGCGCGTGATGAACTTCGAGGACGGCGGCGTGGCGACCGTGACCGAGCTCGAATTTTTACTAACAAATGGTATTATTTATCCACAGGACGGCTGCTTCATCTACAAGGTGAAGTTCATCGGCGTGAACTTCC
EB19R	wt	hg39	exon_branch	Reverse	89	176	GGT	ATTCGAGCTCGGTCACGGTCGCC	GGAAGTTCACGCCGATGAACTTCACCTTGTAGATGAAGCAGCCGTCCTGTGGATAAATAATACCATTTGTTAGTAAAAATTCGAGCTCGGTCACGGTCGCCACGCCGCCGTCCTCGAAGTTCATCACGCGCTCCCACTTGAA
EB20	wt	hg39	exon_branch	Forward	53	130	CCC	GCGACCGTGACCCCCGGGTACCG	TTCAAGTGGGAGCGCGTGATGAACTTCGAGGACGGCGGCGTGGCGACCGTGACCCCCGGGTACCGAGCTCGAATTTTTACTAACAAATGGTATTATTTATCCACAGGACGGCTGCTTCATCTACAAGGTGAAGTTCATCGGCGTGAACTTCC
EB20R	wt	hg39	exon_branch	Reverse	98	175	GGG	CGGTACCCGGGGGTCACGGTCGC	GGAAGTTCACGCCGATGAACTTCACCTTGTAGATGAAGCAGCCGTCCTGTGGATAAATAATACCATTTGTTAGTAAAAATTCGAGCTCGGTACCCGGGGGTCACGGTCGCCACGCCGCCGTCCTCGAAGTTCATCACGCGCTCCCACTTGAA
EB21	wt	hg39	exon_branch	Forward	53	131	CCC	GCGACCGTGACCCCGGGTACCGA	TTCAAGTGGGAGCGCGTGATGAACTTCGAGGACGGCGGCGTGGCGACCGTGACCCCGGGTACCGAGCTCGAATTTTTACTAACAAATGGTATTATTTATCCACAGGACGGCTGCTTCATCTACAAGGTGAAGTTCATCGGCGTGAACTTCC
EB21R	wt	hg39	exon_branch	Reverse	97	175	GGG	TCGGTACCCGGGGTCACGGTCGC	GGAAGTTCACGCCGATGAACTTCACCTTGTAGATGAAGCAGCCGTCCTGTGGATAAATAATACCATTTGTTAGTAAAAATTCGAGCTCGGTACCCGGGGTCACGGTCGCCACGCCGCCGTCCTCGAAGTTCATCACGCGCTCCCACTTGAA
EB22	wt	hg39	exon_branch	Forward	53	132	CCC	GCGACCGTGACCCGGGTACCGAG	TTCAAGTGGGAGCGCGTGATGAACTTCGAGGACGGCGGCGTGGCGACCGTGACCCGGGTACCGAGCTCGAATTTTTACTAACAAATGGTATTATTTATCCACAGGACGGCTGCTTCATCTACAAGGTGAAGTTCATCGGCGTGAACTTCC
EB22R	wt	hg39	exon_branch	Reverse	96	175	GGG	CTCGGTACCCGGGTCACGGTCGC	GGAAGTTCACGCCGATGAACTTCACCTTGTAGATGAAGCAGCCGTCCTGTGGATAAATAATACCATTTGTTAGTAAAAATTCGAGCTCGGTACCCGGGTCACGGTCGCCACGCCGCCGTCCTCGAAGTTCATCACGCGCTCCCACTTGAA
EB23	wt	hg39	exon_branch	Forward	56	125	AGGA	ACCGTGACCCAGGATCCCCCGGGT	TTCAAGTGGGAGCGCGTGATGAACTTCGAGGACGGCGGCGTGGCGACCGTGACCCAGGATCCCCCGGGTACCGAGCTCGAATTTTTACTAACAAATGGTATTATTTATCCACAGGACGGCTGCTTCATCTACAAGGTGAAGTTCATCGGCGTGAACTTCC
EB23R	wt	hg39	exon_branch	Reverse	102	171	TCCT	ACCCGGGGGATCCTGGGTCACGGT	GGAAGTTCACGCCGATGAACTTCACCTTGTAGATGAAGCAGCCGTCCTGTGGATAAATAATACCATTTGTTAGTAAAAATTCGAGCTCGGTACCCGGGGGATCCTGGGTCACGGTCGCCACGCCGCCGTCCTCGAAGTTCATCACGCGCTCCCACTTGAA
EB24	wt	hg39	exon_branch	Forward	59	156	ACT	GTGACCCAGGACTAACAAATGGT	TTCAAGTGGGAGCGCGTGATGAACTTCGAGGACGGCGGCGTGGCGACCGTGACCCAGGACTAACAAATGGTATTATTTATCCACAGGACGGCTGCTTCATCTACAAGGTGAAGTTCATCGGCGTGAACTTCC
EB24R	wt	hg39	exon_branch	Reverse	72	169	AGT	ACCATTTGTTAGTCCTGGGTCAC	GGAAGTTCACGCCGATGAACTTCACCTTGTAGATGAAGCAGCCGTCCTGTGGATAAATAATACCATTTGTTAGTCCTGGGTCACGGTCGCCACGCCGCCGTCCTCGAAGTTCATCACGCGCTCCCACTTGAA
EB25	wt	hg39	exon_branch	Forward	60	145	CTC	TGACCCAGGACTCGAATTTTTAC	TTCAAGTGGGAGCGCGTGATGAACTTCGAGGACGGCGGCGTGGCGACCGTGACCCAGGACTCGAATTTTTACTAACAAATGGTATTATTTATCCACAGGACGGCTGCTTCATCTACAAGGTGAAGTTCATCGGCGTGAACTTCC
EB25R	wt	hg39	exon_branch	Reverse	83	168	GAG	GTAAAAATTCGAGTCCTGGGTCA	GGAAGTTCACGCCGATGAACTTCACCTTGTAGATGAAGCAGCCGTCCTGTGGATAAATAATACCATTTGTTAGTAAAAATTCGAGTCCTGGGTCACGGTCGCCACGCCGCCGTCCTCGAAGTTCATCACGCGCTCCCACTTGAA
EB26	wt	hg39	exon_branch	Forward	61	129	TCC	GACCCAGGACTCCCCCGGGTACC	TTCAAGTGGGAGCGCGTGATGAACTTCGAGGACGGCGGCGTGGCGACCGTGACCCAGGACTCCCCCGGGTACCGAGCTCGAATTTTTACTAACAAATGGTATTATTTATCCACAGGACGGCTGCTTCATCTACAAGGTGAAGTTCATCGGCGTGAACTTCC
EB26R	wt	hg39	exon_branch	Reverse	99	167	GGA	GGTACCCGGGGGAGTCCTGGGTC	GGAAGTTCACGCCGATGAACTTCACCTTGTAGATGAAGCAGCCGTCCTGTGGATAAATAATACCATTTGTTAGTAAAAATTCGAGCTCGGTACCCGGGGGAGTCCTGGGTCACGGTCGCCACGCCGCCGTCCTCGAAGTTCATCACGCGCTCCCACTTGAA
EB27	wt	hg39	exon_branch	Forward	63	145	CTC	CCCAGGACTCCTCGAATTTTTAC	TTCAAGTGGGAGCGCGTGATGAACTTCGAGGACGGCGGCGTGGCGACCGTGACCCAGGACTCCTCGAATTTTTACTAACAAATGGTATTATTTATCCACAGGACGGCTGCTTCATCTACAAGGTGAAGTTCATCGGCGTGAACTTCC
EB27R	wt	hg39	exon_branch	Reverse	83	165	GAG	GTAAAAATTCGAGGAGTCCTGGG	GGAAGTTCACGCCGATGAACTTCACCTTGTAGATGAAGCAGCCGTCCTGTGGATAAATAATACCATTTGTTAGTAAAAATTCGAGGAGTCCTGGGTCACGGTCGCCACGCCGCCGTCCTCGAAGTTCATCACGCGCTCCCACTTGAA
EB28	wt	hg39	exon_branch	Forward	64	129	TCCC	CCAGGACTCCTCCCCCGGGTACCG	TTCAAGTGGGAGCGCGTGATGAACTTCGAGGACGGCGGCGTGGCGACCGTGACCCAGGACTCCTCCCCCGGGTACCGAGCTCGAATTTTTACTAACAAATGGTATTATTTATCCACAGGACGGCTGCTTCATCTACAAGGTGAAGTTCATCGGCGTGAACTTCC
EB28R	wt	hg39	exon_branch	Reverse	98	163	GGGA	CGGTACCCGGGGGAGGAGTCCTGG	GGAAGTTCACGCCGATGAACTTCACCTTGTAGATGAAGCAGCCGTCCTGTGGATAAATAATACCATTTGTTAGTAAAAATTCGAGCTCGGTACCCGGGGGAGGAGTCCTGGGTCACGGTCGCCACGCCGCCGTCCTCGAAGTTCATCACGCGCTCCCACTTGAA
EB29	wt	hg39	exon_branch	Forward	65	131	CCC	CAGGACTCCTCCCCGGGTACCGA	TTCAAGTGGGAGCGCGTGATGAACTTCGAGGACGGCGGCGTGGCGACCGTGACCCAGGACTCCTCCCCGGGTACCGAGCTCGAATTTTTACTAACAAATGGTATTATTTATCCACAGGACGGCTGCTTCATCTACAAGGTGAAGTTCATCGGCGTGAACTTCC
EB29R	wt	hg39	exon_branch	Reverse	97	163	GGG	TCGGTACCCGGGGAGGAGTCCTG	GGAAGTTCACGCCGATGAACTTCACCTTGTAGATGAAGCAGCCGTCCTGTGGATAAATAATACCATTTGTTAGTAAAAATTCGAGCTCGGTACCCGGGGAGGAGTCCTGGGTCACGGTCGCCACGCCGCCGTCCTCGAAGTTCATCACGCGCTCCCACTTGAA
EB30	wt	hg39	exon_branch	Forward	65	132	CCC	CAGGACTCCTCCCGGGTACCGAG	TTCAAGTGGGAGCGCGTGATGAACTTCGAGGACGGCGGCGTGGCGACCGTGACCCAGGACTCCTCCCGGGTACCGAGCTCGAATTTTTACTAACAAATGGTATTATTTATCCACAGGACGGCTGCTTCATCTACAAGGTGAAGTTCATCGGCGTGAACTTCC
EB30R	wt	hg39	exon_branch	Reverse	96	163	GGG	CTCGGTACCCGGGAGGAGTCCTG	GGAAGTTCACGCCGATGAACTTCACCTTGTAGATGAAGCAGCCGTCCTGTGGATAAATAATACCATTTGTTAGTAAAAATTCGAGCTCGGTACCCGGGAGGAGTCCTGGGTCACGGTCGCCACGCCGCCGTCCTCGAAGTTCATCACGCGCTCCCACTTGAA
EB31	wt	hg42	exon_branch	Forward	119	185	ACG	TCGACTCTAGACGGCTGCTTCAT	TTCAAGTGGGAGCGCGTGATGAACTTCGAGGACGGCGGCGTGGCGACCGTGACCCAGGACTCCTCCCTGCAGGTATGTTAATATGGACTAAAGGAGGCTTTTCTCAGGTCGACTCTAGACGGCTGCTTCATCTACAAGGTGAAGTTCATCGGCGTGAACTTCC
EB31R	wt	hg42	exon_branch	Reverse	43	109	CGT	ATGAAGCAGCCGTCTAGAGTCGA	GGAAGTTCACGCCGATGAACTTCACCTTGTAGATGAAGCAGCCGTCTAGAGTCGACCTGAGAAAAGCCTCCTTTAGTCCATATTAACATACCTGCAGGGAGGAGTCCTGGGTCACGGTCGCCACGCCGCCGTCCTCGAAGTTCATCACGCGCTCCCACTTGAA
EB32	wt	hg42	exon_branch	Forward	125	203	AGG	CTAGACGCGTAGGTGAAGTTCAT	TTCAAGTGGGAGCGCGTGATGAACTTCGAGGACGGCGGCGTGGCGACCGTGACCCAGGACTCCTCCCTGCAGGTATGTTAATATGGACTAAAGGAGGCTTTTCTCAGGTCGACTCTAGACGCGTAGGTGAAGTTCATCGGCGTGAACTTCC
EB32R	wt	hg42	exon_branch	Reverse	25	103	CCT	ATGAACTTCACCTACGCGTCTAG	GGAAGTTCACGCCGATGAACTTCACCTACGCGTCTAGAGTCGACCTGAGAAAAGCCTCCTTTAGTCCATATTAACATACCTGCAGGGAGGAGTCCTGGGTCACGGTCGCCACGCCGCCGTCCTCGAAGTTCATCACGCGCTCCCACTTGAA
EB33	wt	hg42	exon_branch	Forward	128	196	ATC	GACGCGTAGGATCTACAAGGTGA	TTCAAGTGGGAGCGCGTGATGAACTTCGAGGACGGCGGCGTGGCGACCGTGACCCAGGACTCCTCCCTGCAGGTATGTTAATATGGACTAAAGGAGGCTTTTCTCAGGTCGACTCTAGACGCGTAGGATCTACAAGGTGAAGTTCATCGGCGTGAACTTCC
EB33R	wt	hg42	exon_branch	Reverse	32	100	GAT	TCACCTTGTAGATCCTACGCGTC	GGAAGTTCACGCCGATGAACTTCACCTTGTAGATCCTACGCGTCTAGAGTCGACCTGAGAAAAGCCTCCTTTAGTCCATATTAACATACCTGCAGGGAGGAGTCCTGGGTCACGGTCGCCACGCCGCCGTCCTCGAAGTTCATCACGCGCTCCCACTTGAA
EB34	wt	hg42	exon_branch	Forward	134	186	CGG	TAGGATCCCCCGGCTGCTTCATC	TTCAAGTGGGAGCGCGTGATGAACTTCGAGGACGGCGGCGTGGCGACCGTGACCCAGGACTCCTCCCTGCAGGTATGTTAATATGGACTAAAGGAGGCTTTTCTCAGGTCGACTCTAGACGCGTAGGATCCCCCGGCTGCTTCATCTACAAGGTGAAGTTCATCGGCGTGAACTTCC
EB34R	wt	hg42	exon_branch	Reverse	42	94	CCG	GATGAAGCAGCCGGGGGATCCTA	GGAAGTTCACGCCGATGAACTTCACCTTGTAGATGAAGCAGCCGGGGGATCCTACGCGTCTAGAGTCGACCTGAGAAAAGCCTCCTTTAGTCCATATTAACATACCTGCAGGGAGGAGTCCTGGGTCACGGTCGCCACGCCGCCGTCCTCGAAGTTCATCACGCGCTCCCACTTGAA
EB35	wt	hg42	exon_branch	Forward	136	204	GGT	GGATCCCCCGGGTGAAGTTCATC	TTCAAGTGGGAGCGCGTGATGAACTTCGAGGACGGCGGCGTGGCGACCGTGACCCAGGACTCCTCCCTGCAGGTATGTTAATATGGACTAAAGGAGGCTTTTCTCAGGTCGACTCTAGACGCGTAGGATCCCCCGGGTGAAGTTCATCGGCGTGAACTTCC
EB35R	wt	hg42	exon_branch	Reverse	24	92	ACC	GATGAACTTCACCCGGGGGATCC	GGAAGTTCACGCCGATGAACTTCACCCGGGGGATCCTACGCGTCTAGAGTCGACCTGAGAAAAGCCTCCTTTAGTCCATATTAACATACCTGCAGGGAGGAGTCCTGGGTCACGGTCGCCACGCCGCCGTCCTCGAAGTTCATCACGCGCTCCCACTTGAA
EB36	wt	hg42	exon_branch	Forward	138	199	TAC	ATCCCCCGGGTACAAGGTGAAGT	TTCAAGTGGGAGCGCGTGATGAACTTCGAGGACGGCGGCGTGGCGACCGTGACCCAGGACTCCTCCCTGCAGGTATGTTAATATGGACTAAAGGAGGCTTTTCTCAGGTCGACTCTAGACGCGTAGGATCCCCCGGGTACAAGGTGAAGTTCATCGGCGTGAACTTCC
EB36R	wt	hg42	exon_branch	Reverse	29	90	GTA	ACTTCACCTTGTACCCGGGGGAT	GGAAGTTCACGCCGATGAACTTCACCTTGTACCCGGGGGATCCTACGCGTCTAGAGTCGACCTGAGAAAAGCCTCCTTTAGTCCATATTAACATACCTGCAGGGAGGAGTCCTGGGTCACGGTCGCCACGCCGCCGTCCTCGAAGTTCATCACGCGCTCCCACTTGAA
EB37	wt	hg42	exon_branch	Forward	144	188	GCT	CGGGTACCGAGCTGCTTCATCTA	TTCAAGTGGGAGCGCGTGATGAACTTCGAGGACGGCGGCGTGGCGACCGTGACCCAGGACTCCTCCCTGCAGGTATGTTAATATGGACTAAAGGAGGCTTTTCTCAGGTCGACTCTAGACGCGTAGGATCCCCCGGGTACCGAGCTGCTTCATCTACAAGGTGAAGTTCATCGGCGTGAACTTCC
EB37R	wt	hg42	exon_branch	Reverse	40	84	AGC	TAGATGAAGCAGCTCGGTACCCG	GGAAGTTCACGCCGATGAACTTCACCTTGTAGATGAAGCAGCTCGGTACCCGGGGGATCCTACGCGTCTAGAGTCGACCTGAGAAAAGCCTCCTTTAGTCCATATTAACATACCTGCAGGGAGGAGTCCTGGGTCACGGTCGCCACGCCGCCGTCCTCGAAGTTCATCACGCGCTCCCACTTGAA
EB38	wt	hg42	exon_branch	Forward	144	191	GCT	CGGGTACCGAGCTTCATCTACAA	TTCAAGTGGGAGCGCGTGATGAACTTCGAGGACGGCGGCGTGGCGACCGTGACCCAGGACTCCTCCCTGCAGGTATGTTAATATGGACTAAAGGAGGCTTTTCTCAGGTCGACTCTAGACGCGTAGGATCCCCCGGGTACCGAGCTTCATCTACAAGGTGAAGTTCATCGGCGTGAACTTCC
EB38R	wt	hg42	exon_branch	Reverse	37	84	AGC	TTGTAGATGAAGCTCGGTACCCG	GGAAGTTCACGCCGATGAACTTCACCTTGTAGATGAAGCTCGGTACCCGGGGGATCCTACGCGTCTAGAGTCGACCTGAGAAAAGCCTCCTTTAGTCCATATTAACATACCTGCAGGGAGGAGTCCTGGGTCACGGTCGCCACGCCGCCGTCCTCGAAGTTCATCACGCGCTCCCACTTGAA
EB39	wt	hg42	exon_branch	Forward	148	207	GAA	TACCGAGCTCGAAGTTCATCGGC	TTCAAGTGGGAGCGCGTGATGAACTTCGAGGACGGCGGCGTGGCGACCGTGACCCAGGACTCCTCCCTGCAGGTATGTTAATATGGACTAAAGGAGGCTTTTCTCAGGTCGACTCTAGACGCGTAGGATCCCCCGGGTACCGAGCTCGAAGTTCATCGGCGTGAACTTCC
EB39R	wt	hg42	exon_branch	Reverse	21	80	TTC	GCCGATGAACTTCGAGCTCGGTA	GGAAGTTCACGCCGATGAACTTCGAGCTCGGTACCCGGGGGATCCTACGCGTCTAGAGTCGACCTGAGAAAAGCCTCCTTTAGTCCATATTAACATACCTGCAGGGAGGAGTCCTGGGTCACGGTCGCCACGCCGCCGTCCTCGAAGTTCATCACGCGCTCCCACTTGAA
EB40	wt	hg42	exon_branch	Forward	155	199	TAC	CTCGAATTTTTACAAGGTGAAGT	TTCAAGTGGGAGCGCGTGATGAACTTCGAGGACGGCGGCGTGGCGACCGTGACCCAGGACTCCTCCCTGCAGGTATGTTAATATGGACTAAAGGAGGCTTTTCTCAGGTCGACTCTAGACGCGTAGGATCCCCCGGGTACCGAGCTCGAATTTTTACAAGGTGAAGTTCATCGGCGTGAACTTCC
EB40R	wt	hg42	exon_branch	Reverse	29	73	GTA	ACTTCACCTTGTAAAAATTCGAG	GGAAGTTCACGCCGATGAACTTCACCTTGTAAAAATTCGAGCTCGGTACCCGGGGGATCCTACGCGTCTAGAGTCGACCTGAGAAAAGCCTCCTTTAGTCCATATTAACATACCTGCAGGGAGGAGTCCTGGGTCACGGTCGCCACGCCGCCGTCCTCGAAGTTCATCACGCGCTCCCACTTGAA
EB41	wt	hg42	exon_branch	Forward	157	198	CTA	CGAATTTTTACTACAAGGTGAAG	TTCAAGTGGGAGCGCGTGATGAACTTCGAGGACGGCGGCGTGGCGACCGTGACCCAGGACTCCTCCCTGCAGGTATGTTAATATGGACTAAAGGAGGCTTTTCTCAGGTCGACTCTAGACGCGTAGGATCCCCCGGGTACCGAGCTCGAATTTTTACTACAAGGTGAAGTTCATCGGCGTGAACTTCC
EB41R	wt	hg42	exon_branch	Reverse	30	71	TAG	CTTCACCTTGTAGTAAAAATTCG	GGAAGTTCACGCCGATGAACTTCACCTTGTAGTAAAAATTCGAGCTCGGTACCCGGGGGATCCTACGCGTCTAGAGTCGACCTGAGAAAAGCCTCCTTTAGTCCATATTAACATACCTGCAGGGAGGAGTCCTGGGTCACGGTCGCCACGCCGCCGTCCTCGAAGTTCATCACGCGCTCCCACTTGAA
EB42	wt	hg42	exon_branch	Forward	160	200	ACAA	ATTTTTACTAACAAGGTGAAGTTC	TTCAAGTGGGAGCGCGTGATGAACTTCGAGGACGGCGGCGTGGCGACCGTGACCCAGGACTCCTCCCTGCAGGTATGTTAATATGGACTAAAGGAGGCTTTTCTCAGGTCGACTCTAGACGCGTAGGATCCCCCGGGTACCGAGCTCGAATTTTTACTAACAAGGTGAAGTTCATCGGCGTGAACTTCC
EB42R	wt	hg42	exon_branch	Reverse	27	67	TTGT	GAACTTCACCTTGTTAGTAAAAAT	GGAAGTTCACGCCGATGAACTTCACCTTGTTAGTAAAAATTCGAGCTCGGTACCCGGGGGATCCTACGCGTCTAGAGTCGACCTGAGAAAAGCCTCCTTTAGTCCATATTAACATACCTGCAGGGAGGAGTCCTGGGTCACGGTCGCCACGCCGCCGTCCTCGAAGTTCATCACGCGCTCCCACTTGAA
EB43	wt	hg42	exon_branch	Forward	166	204	GGT	ACTAACAAATGGTGAAGTTCATC	TTCAAGTGGGAGCGCGTGATGAACTTCGAGGACGGCGGCGTGGCGACCGTGACCCAGGACTCCTCCCTGCAGGTATGTTAATATGGACTAAAGGAGGCTTTTCTCAGGTCGACTCTAGACGCGTAGGATCCCCCGGGTACCGAGCTCGAATTTTTACTAACAAATGGTGAAGTTCATCGGCGTGAACTTCC
EB43R	wt	hg42	exon_branch	Reverse	24	62	ACC	GATGAACTTCACCATTTGTTAGT	GGAAGTTCACGCCGATGAACTTCACCATTTGTTAGTAAAAATTCGAGCTCGGTACCCGGGGGATCCTACGCGTCTAGAGTCGACCTGAGAAAAGCCTCCTTTAGTCCATATTAACATACCTGCAGGGAGGAGTCCTGGGTCACGGTCGCCACGCCGCCGTCCTCGAAGTTCATCACGCGCTCCCACTTGAA
EE1	db	2dsb	exon_exon	Forward	21	152	GAA	AGCGCGTGATGAAGTTCATCGGC	TTCAAGTGGGAGCGCGTGATGAAGTTCATCGGCGTGAACTTCC
EE1	db	hg39	exon_exon	Forward	21	152	GAA	AGCGCGTGATGAAGTTCATCGGC	TTCAAGTGGGAGCGCGTGATGAAGTTCATCGGCGTGAACTTCC
EE1	db	hg42	exon_exon	Forward	21	152	GAA	AGCGCGTGATGAAGTTCATCGGC	TTCAAGTGGGAGCGCGTGATGAAGTTCATCGGCGTGAACTTCC
EE1	wt	2dsb	exon_exon	Forward	21	207	GAA	AGCGCGTGATGAAGTTCATCGGC	TTCAAGTGGGAGCGCGTGATGAAGTTCATCGGCGTGAACTTCC
EE1	wt	hg39	exon_exon	Forward	21	207	GAA	AGCGCGTGATGAAGTTCATCGGC	TTCAAGTGGGAGCGCGTGATGAAGTTCATCGGCGTGAACTTCC
EE1	wt	hg42	exon_exon	Forward	21	207	GAA	AGCGCGTGATGAAGTTCATCGGC	TTCAAGTGGGAGCGCGTGATGAAGTTCATCGGCGTGAACTTCC
EE1R	db	2dsb	exon_exon	Reverse	21	152	TTC	GCCGATGAACTTCATCACGCGCT	GGAAGTTCACGCCGATGAACTTCATCACGCGCTCCCACTTGAA
EE1R	db	hg39	exon_exon	Reverse	21	152	TTC	GCCGATGAACTTCATCACGCGCT	GGAAGTTCACGCCGATGAACTTCATCACGCGCTCCCACTTGAA
EE1R	db	hg42	exon_exon	Reverse	21	152	TTC	GCCGATGAACTTCATCACGCGCT	GGAAGTTCACGCCGATGAACTTCATCACGCGCTCCCACTTGAA
EE1R	wt	2dsb	exon_exon	Reverse	21	207	TTC	GCCGATGAACTTCATCACGCGCT	GGAAGTTCACGCCGATGAACTTCATCACGCGCTCCCACTTGAA
EE1R	wt	hg39	exon_exon	Reverse	21	207	TTC	GCCGATGAACTTCATCACGCGCT	GGAAGTTCACGCCGATGAACTTCATCACGCGCTCCCACTTGAA
EE1R	wt	hg42	exon_exon	Reverse	21	207	TTC	GCCGATGAACTTCATCACGCGCT	GGAAGTTCACGCCGATGAACTTCATCACGCGCTCCCACTTGAA
EE2	db	2dsb	exon_exon	Forward	24	137	CTTC	GCGTGATGAACTTCATCTACAAGG	TTCAAGTGGGAGCGCGTGATGAACTTCATCTACAAGGTGAAGTTCATCGGCGTGAACTTCC
EE2	db	hg39	exon_exon	Forward	24	137	CTTC	GCGTGATGAACTTCATCTACAAGG	TTCAAGTGGGAGCGCGTGATGAACTTCATCTACAAGGTGAAGTTCATCGGCGTGAACTTCC
EE2	db	hg42	exon_exon	Forward	24	137	CTTC	GCGTGATGAACTTCATCTACAAGG	TTCAAGTGGGAGCGCGTGATGAACTTCATCTACAAGGTGAAGTTCATCGGCGTGAACTTCC
EE2	wt	2dsb	exon_exon	Forward	24	192	CTTC	GCGTGATGAACTTCATCTACAAGG	TTCAAGTGGGAGCGCGTGATGAACTTCATCTACAAGGTGAAGTTCATCGGCGTGAACTTCC
EE2	wt	hg39	exon_exon	Forward	24	192	CTTC	GCGTGATGAACTTCATCTACAAGG	TTCAAGTGGGAGCGCGTGATGAACTTCATCTACAAGGTGAAGTTCATCGGCGTGAACTTCC
EE2	wt	hg42	exon_exon	Forward	24	192	CTTC	GCGTGATGAACTTCATCTACAAGG	TTCAAGTGGGAGCGCGTGATGAACTTCATCTACAAGGTGAAGTTCATCGGCGTGAACTTCC
EE2R	db	2dsb	exon_exon	Reverse	35	148	GAAG	CCTTGTAGATGAAGTTCATCACGC	GGAAGTTCACGCCGATGAACTTCACCTTGTAGATGAAGTTCATCACGCGCTCCCACTTGAA
EE2R	db	hg39	exon_exon	Reverse	35	148	GAAG	CCTTGTAGATGAAGTTCATCACGC	GGAAGTTCACGCCGATGAACTTCACCTTGTAGATGAAGTTCATCACGCGCTCCCACTTGAA
EE2R	db	hg42	exon_exon	Reverse	35	148	GAAG	CCTTGTAGATGAAGTTCATCACGC	GGAAGTTCACGCCGATGAACTTCACCTTGTAGATGAAGTTCATCACGCGCTCCCACTTGAA
EE2R	wt	2dsb	exon_exon	Reverse	35	203	GAAG	CCTTGTAGATGAAGTTCATCACGC	GGAAGTTCACGCCGATGAACTTCACCTTGTAGATGAAGTTCATCACGCGCTCCCACTTGAA
EE2R	wt	hg39	exon_exon	Reverse	35	203	GAAG	CCTTGTAGATGAAGTTCATCACGC	GGAAGTTCACGCCGATGAACTTCACCTTGTAGATGAAGTTCATCACGCGCTCCCACTTGAA
EE2R	wt	hg42	exon_exon	Reverse	35	203	GAAG	CCTTGTAGATGAAGTTCATCACGC	GGAAGTTCACGCCGATGAACTTCACCTTGTAGATGAAGTTCATCACGCGCTCCCACTTGAA
EE3	db	2dsb	exon_exon	Forward	29	148	AGG	ATGAACTTCGAGGTGAAGTTCAT	TTCAAGTGGGAGCGCGTGATGAACTTCGAGGTGAAGTTCATCGGCGTGAACTTCC
EE3	db	hg39	exon_exon	Forward	29	148	AGG	ATGAACTTCGAGGTGAAGTTCAT	TTCAAGTGGGAGCGCGTGATGAACTTCGAGGTGAAGTTCATCGGCGTGAACTTCC
EE3	db	hg42	exon_exon	Forward	29	148	AGG	ATGAACTTCGAGGTGAAGTTCAT	TTCAAGTGGGAGCGCGTGATGAACTTCGAGGTGAAGTTCATCGGCGTGAACTTCC
EE3	wt	2dsb	exon_exon	Forward	29	203	AGG	ATGAACTTCGAGGTGAAGTTCAT	TTCAAGTGGGAGCGCGTGATGAACTTCGAGGTGAAGTTCATCGGCGTGAACTTCC
EE3	wt	hg39	exon_exon	Forward	29	203	AGG	ATGAACTTCGAGGTGAAGTTCAT	TTCAAGTGGGAGCGCGTGATGAACTTCGAGGTGAAGTTCATCGGCGTGAACTTCC
EE3	wt	hg42	exon_exon	Forward	29	203	AGG	ATGAACTTCGAGGTGAAGTTCAT	TTCAAGTGGGAGCGCGTGATGAACTTCGAGGTGAAGTTCATCGGCGTGAACTTCC
EE3R	db	2dsb	exon_exon	Reverse	25	144	CCT	ATGAACTTCACCTCGAAGTTCAT	GGAAGTTCACGCCGATGAACTTCACCTCGAAGTTCATCACGCGCTCCCACTTGAA
EE3R	db	hg39	exon_exon	Reverse	25	144	CCT	ATGAACTTCACCTCGAAGTTCAT	GGAAGTTCACGCCGATGAACTTCACCTCGAAGTTCATCACGCGCTCCCACTTGAA
EE3R	db	hg42	exon_exon	Reverse	25	144	CCT	ATGAACTTCACCTCGAAGTTCAT	GGAAGTTCACGCCGATGAACTTCACCTCGAAGTTCATCACGCGCTCCCACTTGAA
EE3R	wt	2dsb	exon_exon	Reverse	25	199	CCT	ATGAACTTCACCTCGAAGTTCAT	GGAAGTTCACGCCGATGAACTTCACCTCGAAGTTCATCACGCGCTCCCACTTGAA
EE3R	wt	hg39	exon_exon	Reverse	25	199	CCT	ATGAACTTCACCTCGAAGTTCAT	GGAAGTTCACGCCGATGAACTTCACCTCGAAGTTCATCACGCGCTCCCACTTGAA
EE3R	wt	hg42	exon_exon	Reverse	25	199	CCT	ATGAACTTCACCTCGAAGTTCAT	GGAAGTTCACGCCGATGAACTTCACCTCGAAGTTCATCACGCGCTCCCACTTGAA
EE4	db	2dsb	exon_exon	Forward	31	129	GACGGC	GAACTTCGAGGACGGCTGCTTCATCT	TTCAAGTGGGAGCGCGTGATGAACTTCGAGGACGGCTGCTTCATCTACAAGGTGAAGTTCATCGGCGTGAACTTCC
EE4	db	hg39	exon_exon	Forward	31	129	GACGGC	GAACTTCGAGGACGGCTGCTTCATCT	TTCAAGTGGGAGCGCGTGATGAACTTCGAGGACGGCTGCTTCATCTACAAGGTGAAGTTCATCGGCGTGAACTTCC
EE4	db	hg42	exon_exon	Forward	31	129	GACGGC	GAACTTCGAGGACGGCTGCTTCATCT	TTCAAGTGGGAGCGCGTGATGAACTTCGAGGACGGCTGCTTCATCTACAAGGTGAAGTTCATCGGCGTGAACTTCC
EE4	wt	2dsb	exon_exon	Forward	31	184	GACGGC	GAACTTCGAGGACGGCTGCTTCATCT	TTCAAGTGGGAGCGCGTGATGAACTTCGAGGACGGCTGCTTCATCTACAAGGTGAAGTTCATCGGCGTGAACTTCC
EE4	wt	hg39	exon_exon	Forward	31	184	GACGGC	GAACTTCGAGGACGGCTGCTTCATCT	TTCAAGTGGGAGCGCGTGATGAACTTCGAGGACGGCTGCTTCATCTACAAGGTGAAGTTCATCGGCGTGAACTTCC
EE4	wt	hg42	exon_exon	Forward	31	184	GACGGC	GAACTTCGAGGACGGCTGCTTCATCT	TTCAAGTGGGAGCGCGTGATGAACTTCGAGGACGGCTGCTTCATCTACAAGGTGAAGTTCATCGGCGTGAACTTCC
EE4R	db	2dsb	exon_exon	Reverse	41	139	GCCGTC	AGATGAAGCAGCCGTCCTCGAAGTTC	GGAAGTTCACGCCGATGAACTTCACCTTGTAGATGAAGCAGCCGTCCTCGAAGTTCATCACGCGCTCCCACTTGAA
EE4R	db	hg39	exon_exon	Reverse	41	139	GCCGTC	AGATGAAGCAGCCGTCCTCGAAGTTC	GGAAGTTCACGCCGATGAACTTCACCTTGTAGATGAAGCAGCCGTCCTCGAAGTTCATCACGCGCTCCCACTTGAA
EE4R	db	hg42	exon_exon	Reverse	41	139	GCCGTC	AGATGAAGCAGCCGTCCTCGAAGTTC	GGAAGTTCACGCCGATGAACTTCACCTTGTAGATGAAGCAGCCGTCCTCGAAGTTCATCACGCGCTCCCACTTGAA
EE4R	wt	2dsb	exon_exon	Reverse	41	194	GCCGTC	AGATGAAGCAGCCGTCCTCGAAGTTC	GGAAGTTCACGCCGATGAACTTCACCTTGTAGATGAAGCAGCCGTCCTCGAAGTTCATCACGCGCTCCCACTTGAA
EE4R	wt	hg39	exon_exon	Reverse	41	194	GCCGTC	AGATGAAGCAGCCGTCCTCGAAGTTC	GGAAGTTCACGCCGATGAACTTCACCTTGTAGATGAAGCAGCCGTCCTCGAAGTTCATCACGCGCTCCCACTTGAA
EE4R	wt	hg42	exon_exon	Reverse	41	194	GCCGTC	AGATGAAGCAGCCGTCCTCGAAGTTC	GGAAGTTCACGCCGATGAACTTCACCTTGTAGATGAAGCAGCCGTCCTCGAAGTTCATCACGCGCTCCCACTTGAA
EE5	db	2dsb	exon_exon	Forward	36	131	CGGC	TCGAGGACGGCGGCTGCTTCATCT	TTCAAGTGGGAGCGCGTGATGAACTTCGAGGACGGCGGCTGCTTCATCTACAAGGTGAAGTTCATCGGCGTGAACTTCC
EE5	db	hg39	exon_exon	Forward	36	131	CGGC	TCGAGGACGGCGGCTGCTTCATCT	TTCAAGTGGGAGCGCGTGATGAACTTCGAGGACGGCGGCTGCTTCATCTACAAGGTGAAGTTCATCGGCGTGAACTTCC
EE5	db	hg42	exon_exon	Forward	36	131	CGGC	TCGAGGACGGCGGCTGCTTCATCT	TTCAAGTGGGAGCGCGTGATGAACTTCGAGGACGGCGGCTGCTTCATCTACAAGGTGAAGTTCATCGGCGTGAACTTCC
EE5	wt	2dsb	exon_exon	Forward	36	186	CGGC	TCGAGGACGGCGGCTGCTTCATCT	TTCAAGTGGGAGCGCGTGATGAACTTCGAGGACGGCGGCTGCTTCATCTACAAGGTGAAGTTCATCGGCGTGAACTTCC
EE5	wt	hg39	exon_exon	Forward	36	186	CGGC	TCGAGGACGGCGGCTGCTTCATCT	TTCAAGTGGGAGCGCGTGATGAACTTCGAGGACGGCGGCTGCTTCATCTACAAGGTGAAGTTCATCGGCGTGAACTTCC
EE5	wt	hg42	exon_exon	Forward	36	186	CGGC	TCGAGGACGGCGGCTGCTTCATCT	TTCAAGTGGGAGCGCGTGATGAACTTCGAGGACGGCGGCTGCTTCATCTACAAGGTGAAGTTCATCGGCGTGAACTTCC
EE5R	db	2dsb	exon_exon	Reverse	41	136	GCCG	AGATGAAGCAGCCGCCGTCCTCGA	GGAAGTTCACGCCGATGAACTTCACCTTGTAGATGAAGCAGCCGCCGTCCTCGAAGTTCATCACGCGCTCCCACTTGAA
EE5R	db	hg39	exon_exon	Reverse	41	136	GCCG	AGATGAAGCAGCCGCCGTCCTCGA	GGAAGTTCACGCCGATGAACTTCACCTTGTAGATGAAGCAGCCGCCGTCCTCGAAGTTCATCACGCGCTCCCACTTGAA
EE5R	db	hg42	exon_exon	Reverse	41	136	GCCG	AGATGAAGCAGCCGCCGTCCTCGA	GGAAGTTCACGCCGATGAACTTCACCTTGTAGATGAAGCAGCCGCCGTCCTCGAAGTTCATCACGCGCTCCCACTTGAA
EE5R	wt	2dsb	exon_exon	Reverse	41	191	GCCG	AGATGAAGCAGCCGCCGTCCTCGA	GGAAGTTCACGCCGATGAACTTCACCTTGTAGATGAAGCAGCCGCCGTCCTCGAAGTTCATCACGCGCTCCCACTTGAA
EE5R	wt	hg39	exon_exon	Reverse	41	191	GCCG	AGATGAAGCAGCCGCCGTCCTCGA	GGAAGTTCACGCCGATGAACTTCACCTTGTAGATGAAGCAGCCGCCGTCCTCGAAGTTCATCACGCGCTCCCACTTGAA
EE5R	wt	hg42	exon_exon	Reverse	41	191	GCCG	AGATGAAGCAGCCGCCGTCCTCGA	GGAAGTTCACGCCGATGAACTTCACCTTGTAGATGAAGCAGCCGCCGTCCTCGAAGTTCATCACGCGCTCCCACTTGAA
EE6	db	2dsb	exon_exon	Forward	40	150	GTG	GGACGGCGGCGTGAAGTTCATCG	TTCAAGTGGGAGCGCGTGATGAACTTCGAGGACGGCGGCGTGAAGTTCATCGGCGTGAACTTCC
EE6	db	hg39	exon_exon	Forward	40	150	GTG	GGACGGCGGCGTGAAGTTCATCG	TTCAAGTGGGAGCGCGTGATGAACTTCGAGGACGGCGGCGTGAAGTTCATCGGCGTGAACTTCC
EE6	db	hg42	exon_exon	Forward	40	150	GTG	GGACGGCGGCGTGAAGTTCATCG	TTCAAGTGGGAGCGCGTGATGAACTTCGAGGACGGCGGCGTGAAGTTCATCGGCGTGAACTTCC
EE6	wt	2dsb	exon_exon	Forward	40	205	GTG	GGACGGCGGCGTGAAGTTCATCG	TTCAAGTGGGAGCGCGTGATGAACTTCGAGGACGGCGGCGTGAAGTTCATCGGCGTGAACTTCC
EE6	wt	hg39	exon_exon	Forward	40	205	GTG	GGACGGCGGCGTGAAGTTCATCG	TTCAAGTGGGAGCGCGTGATGAACTTCGAGGACGGCGGCGTGAAGTTCATCGGCGTGAACTTCC
EE6	wt	hg42	exon_exon	Forward	40	205	GTG	GGACGGCGGCGTGAAGTTCATCG	TTCAAGTGGGAGCGCGTGATGAACTTCGAGGACGGCGGCGTGAAGTTCATCGGCGTGAACTTCC
EE6R	db	2dsb	exon_exon	Reverse	23	133	CAC	CGATGAACTTCACGCCGCCGTCC	GGAAGTTCACGCCGATGAACTTCACGCCGCCGTCCTCGAAGTTCATCACGCGCTCCCACTTGAA
EE6R	db	hg39	exon_exon	Reverse	23	133	CAC	CGATGAACTTCACGCCGCCGTCC	GGAAGTTCACGCCGATGAACTTCACGCCGCCGTCCTCGAAGTTCATCACGCGCTCCCACTTGAA
EE6R	db	hg42	exon_exon	Reverse	23	133	CAC	CGATGAACTTCACGCCGCCGTCC	GGAAGTTCACGCCGATGAACTTCACGCCGCCGTCCTCGAAGTTCATCACGCGCTCCCACTTGAA
EE6R	wt	2dsb	exon_exon	Reverse	23	188	CAC	CGATGAACTTCACGCCGCCGTCC	GGAAGTTCACGCCGATGAACTTCACGCCGCCGTCCTCGAAGTTCATCACGCGCTCCCACTTGAA
EE6R	wt	hg39	exon_exon	Reverse	23	188	CAC	CGATGAACTTCACGCCGCCGTCC	GGAAGTTCACGCCGATGAACTTCACGCCGCCGTCCTCGAAGTTCATCACGCGCTCCCACTTGAA
EE6R	wt	hg42	exon_exon	Reverse	23	188	CAC	CGATGAACTTCACGCCGCCGTCC	GGAAGTTCACGCCGATGAACTTCACGCCGCCGTCCTCGAAGTTCATCACGCGCTCCCACTTGAA
EE7	db	2dsb	exon_exon	Forward	42	132	GGC	ACGGCGGCGTGGCTGCTTCATCT	TTCAAGTGGGAGCGCGTGATGAACTTCGAGGACGGCGGCGTGGCTGCTTCATCTACAAGGTGAAGTTCATCGGCGTGAACTTCC
EE7	db	hg39	exon_exon	Forward	42	132	GGC	ACGGCGGCGTGGCTGCTTCATCT	TTCAAGTGGGAGCGCGTGATGAACTTCGAGGACGGCGGCGTGGCTGCTTCATCTACAAGGTGAAGTTCATCGGCGTGAACTTCC
EE7	db	hg42	exon_exon	Forward	42	132	GGC	ACGGCGGCGTGGCTGCTTCATCT	TTCAAGTGGGAGCGCGTGATGAACTTCGAGGACGGCGGCGTGGCTGCTTCATCTACAAGGTGAAGTTCATCGGCGTGAACTTCC
EE7	wt	2dsb	exon_exon	Forward	42	187	GGC	ACGGCGGCGTGGCTGCTTCATCT	TTCAAGTGGGAGCGCGTGATGAACTTCGAGGACGGCGGCGTGGCTGCTTCATCTACAAGGTGAAGTTCATCGGCGTGAACTTCC
EE7	wt	hg39	exon_exon	Forward	42	187	GGC	ACGGCGGCGTGGCTGCTTCATCT	TTCAAGTGGGAGCGCGTGATGAACTTCGAGGACGGCGGCGTGGCTGCTTCATCTACAAGGTGAAGTTCATCGGCGTGAACTTCC
EE7	wt	hg42	exon_exon	Forward	42	187	GGC	ACGGCGGCGTGGCTGCTTCATCT	TTCAAGTGGGAGCGCGTGATGAACTTCGAGGACGGCGGCGTGGCTGCTTCATCTACAAGGTGAAGTTCATCGGCGTGAACTTCC
EE7R	db	2dsb	exon_exon	Reverse	41	131	GCC	AGATGAAGCAGCCACGCCGCCGT	GGAAGTTCACGCCGATGAACTTCACCTTGTAGATGAAGCAGCCACGCCGCCGTCCTCGAAGTTCATCACGCGCTCCCACTTGAA
EE7R	db	hg39	exon_exon	Reverse	41	131	GCC	AGATGAAGCAGCCACGCCGCCGT	GGAAGTTCACGCCGATGAACTTCACCTTGTAGATGAAGCAGCCACGCCGCCGTCCTCGAAGTTCATCACGCGCTCCCACTTGAA
EE7R	db	hg42	exon_exon	Reverse	41	131	GCC	AGATGAAGCAGCCACGCCGCCGT	GGAAGTTCACGCCGATGAACTTCACCTTGTAGATGAAGCAGCCACGCCGCCGTCCTCGAAGTTCATCACGCGCTCCCACTTGAA
EE7R	wt	2dsb	exon_exon	Reverse	41	186	GCC	AGATGAAGCAGCCACGCCGCCGT	GGAAGTTCACGCCGATGAACTTCACCTTGTAGATGAAGCAGCCACGCCGCCGTCCTCGAAGTTCATCACGCGCTCCCACTTGAA
EE7R	wt	hg39	exon_exon	Reverse	41	186	GCC	AGATGAAGCAGCCACGCCGCCGT	GGAAGTTCACGCCGATGAACTTCACCTTGTAGATGAAGCAGCCACGCCGCCGTCCTCGAAGTTCATCACGCGCTCCCACTTGAA
EE7R	wt	hg42	exon_exon	Reverse	41	186	GCC	AGATGAAGCAGCCACGCCGCCGT	GGAAGTTCACGCCGATGAACTTCACCTTGTAGATGAAGCAGCCACGCCGCCGTCCTCGAAGTTCATCACGCGCTCCCACTTGAA
EE8	db	2dsb	exon_exon	Forward	45	129	GAC	GCGGCGTGGCGACGGCTGCTTCA	TTCAAGTGGGAGCGCGTGATGAACTTCGAGGACGGCGGCGTGGCGACGGCTGCTTCATCTACAAGGTGAAGTTCATCGGCGTGAACTTCC
EE8	db	hg39	exon_exon	Forward	45	129	GAC	GCGGCGTGGCGACGGCTGCTTCA	TTCAAGTGGGAGCGCGTGATGAACTTCGAGGACGGCGGCGTGGCGACGGCTGCTTCATCTACAAGGTGAAGTTCATCGGCGTGAACTTCC
EE8	db	hg42	exon_exon	Forward	45	129	GAC	GCGGCGTGGCGACGGCTGCTTCA	TTCAAGTGGGAGCGCGTGATGAACTTCGAGGACGGCGGCGTGGCGACGGCTGCTTCATCTACAAGGTGAAGTTCATCGGCGTGAACTTCC
EE8	wt	2dsb	exon_exon	Forward	45	184	GAC	GCGGCGTGGCGACGGCTGCTTCA	TTCAAGTGGGAGCGCGTGATGAACTTCGAGGACGGCGGCGTGGCGACGGCTGCTTCATCTACAAGGTGAAGTTCATCGGCGTGAACTTCC
EE8	wt	hg39	exon_exon	Forward	45	184	GAC	GCGGCGTGGCGACGGCTGCTTCA	TTCAAGTGGGAGCGCGTGATGAACTTCGAGGACGGCGGCGTGGCGACGGCTGCTTCATCTACAAGGTGAAGTTCATCGGCGTGAACTTCC
EE8	wt	hg42	exon_exon	Forward	45	184	GAC	GCGGCGTGGCGACGGCTGCTTCA	TTCAAGTGGGAGCGCGTGATGAACTTCGAGGACGGCGGCGTGGCGACGGCTGCTTCATCTACAAGGTGAAGTTCATCGGCGTGAACTTCC
EE8R	db	2dsb	exon_exon	Reverse	44	128	GTC	TGAAGCAGCCGTCGCCACGCCGC	GGAAGTTCACGCCGATGAACTTCACCTTGTAGATGAAGCAGCCGTCGCCACGCCGCCGTCCTCGAAGTTCATCACGCGCTCCCACTTGAA
EE8R	db	hg39	exon_exon	Reverse	44	128	GTC	TGAAGCAGCCGTCGCCACGCCGC	GGAAGTTCACGCCGATGAACTTCACCTTGTAGATGAAGCAGCCGTCGCCACGCCGCCGTCCTCGAAGTTCATCACGCGCTCCCACTTGAA
EE8R	db	hg42	exon_exon	Reverse	44	128	GTC	TGAAGCAGCCGTCGCCACGCCGC	GGAAGTTCACGCCGATGAACTTCACCTTGTAGATGAAGCAGCCGTCGCCACGCCGCCGTCCTCGAAGTTCATCACGCGCTCCCACTTGAA
EE8R	wt	2dsb	exon_exon	Reverse	44	183	GTC	TGAAGCAGCCGTCGCCACGCCGC	GGAAGTTCACGCCGATGAACTTCACCTTGTAGATGAAGCAGCCGTCGCCACGCCGCCGTCCTCGAAGTTCATCACGCGCTCCCACTTGAA
EE8R	wt	hg39	exon_exon	Reverse	44	183	GTC	TGAAGCAGCCGTCGCCACGCCGC	GGAAGTTCACGCCGATGAACTTCACCTTGTAGATGAAGCAGCCGTCGCCACGCCGCCGTCCTCGAAGTTCATCACGCGCTCCCACTTGAA
EE8R	wt	hg42	exon_exon	Reverse	44	183	GTC	TGAAGCAGCCGTCGCCACGCCGC	GGAAGTTCACGCCGATGAACTTCACCTTGTAGATGAAGCAGCCGTCGCCACGCCGCCGTCCTCGAAGTTCATCACGCGCTCCCACTTGAA
EE9	db	2dsb	exon_exon	Forward	49	150	GTGA	CGTGGCGACCGTGAAGTTCATCGG	TTCAAGTGGGAGCGCGTGATGAACTTCGAGGACGGCGGCGTGGCGACCGTGAAGTTCATCGGCGTGAACTTCC
EE9	db	hg39	exon_exon	Forward	49	150	GTGA	CGTGGCGACCGTGAAGTTCATCGG	TTCAAGTGGGAGCGCGTGATGAACTTCGAGGACGGCGGCGTGGCGACCGTGAAGTTCATCGGCGTGAACTTCC
EE9	db	hg42	exon_exon	Forward	49	150	GTGA	CGTGGCGACCGTGAAGTTCATCGG	TTCAAGTGGGAGCGCGTGATGAACTTCGAGGACGGCGGCGTGGCGACCGTGAAGTTCATCGGCGTGAACTTCC
EE9	wt	2dsb	exon_exon	Forward	49	205	GTGA	CGTGGCGACCGTGAAGTTCATCGG	TTCAAGTGGGAGCGCGTGATGAACTTCGAGGACGGCGGCGTGGCGACCGTGAAGTTCATCGGCGTGAACTTCC
EE9	wt	hg39	exon_exon	Forward	49	205	GTGA	CGTGGCGACCGTGAAGTTCATCGG	TTCAAGTGGGAGCGCGTGATGAACTTCGAGGACGGCGGCGTGGCGACCGTGAAGTTCATCGGCGTGAACTTCC
EE9	wt	hg42	exon_exon	Forward	49	205	GTGA	CGTGGCGACCGTGAAGTTCATCGG	TTCAAGTGGGAGCGCGTGATGAACTTCGAGGACGGCGGCGTGGCGACCGTGAAGTTCATCGGCGTGAACTTCC
EE9R	db	2dsb	exon_exon	Reverse	22	123	TCAC	CCGATGAACTTCACGGTCGCCACG	GGAAGTTCACGCCGATGAACTTCACGGTCGCCACGCCGCCGTCCTCGAAGTTCATCACGCGCTCCCACTTGAA
EE9R	db	hg39	exon_exon	Reverse	22	123	TCAC	CCGATGAACTTCACGGTCGCCACG	GGAAGTTCACGCCGATGAACTTCACGGTCGCCACGCCGCCGTCCTCGAAGTTCATCACGCGCTCCCACTTGAA
EE9R	db	hg42	exon_exon	Reverse	22	123	TCAC	CCGATGAACTTCACGGTCGCCACG	GGAAGTTCACGCCGATGAACTTCACGGTCGCCACGCCGCCGTCCTCGAAGTTCATCACGCGCTCCCACTTGAA
EE9R	wt	2dsb	exon_exon	Reverse	22	178	TCAC	CCGATGAACTTCACGGTCGCCACG	GGAAGTTCACGCCGATGAACTTCACGGTCGCCACGCCGCCGTCCTCGAAGTTCATCACGCGCTCCCACTTGAA
EE9R	wt	hg39	exon_exon	Reverse	22	178	TCAC	CCGATGAACTTCACGGTCGCCACG	GGAAGTTCACGCCGATGAACTTCACGGTCGCCACGCCGCCGTCCTCGAAGTTCATCACGCGCTCCCACTTGAA
EE9R	wt	hg42	exon_exon	Reverse	22	178	TCAC	CCGATGAACTTCACGGTCGCCACG	GGAAGTTCACGCCGATGAACTTCACGGTCGCCACGCCGCCGTCCTCGAAGTTCATCACGCGCTCCCACTTGAA
EE10	db	2dsb	exon_exon	Forward	51	129	GAC	TGGCGACCGTGACGGCTGCTTCA	TTCAAGTGGGAGCGCGTGATGAACTTCGAGGACGGCGGCGTGGCGACCGTGACGGCTGCTTCATCTACAAGGTGAAGTTCATCGGCGTGAACTTCC
EE10	db	hg39	exon_exon	Forward	51	129	GAC	TGGCGACCGTGACGGCTGCTTCA	TTCAAGTGGGAGCGCGTGATGAACTTCGAGGACGGCGGCGTGGCGACCGTGACGGCTGCTTCATCTACAAGGTGAAGTTCATCGGCGTGAACTTCC
EE10	db	hg42	exon_exon	Forward	51	129	GAC	TGGCGACCGTGACGGCTGCTTCA	TTCAAGTGGGAGCGCGTGATGAACTTCGAGGACGGCGGCGTGGCGACCGTGACGGCTGCTTCATCTACAAGGTGAAGTTCATCGGCGTGAACTTCC
EE10	wt	2dsb	exon_exon	Forward	51	184	GAC	TGGCGACCGTGACGGCTGCTTCA	TTCAAGTGGGAGCGCGTGATGAACTTCGAGGACGGCGGCGTGGCGACCGTGACGGCTGCTTCATCTACAAGGTGAAGTTCATCGGCGTGAACTTCC
EE10	wt	hg39	exon_exon	Forward	51	184	GAC	TGGCGACCGTGACGGCTGCTTCA	TTCAAGTGGGAGCGCGTGATGAACTTCGAGGACGGCGGCGTGGCGACCGTGACGGCTGCTTCATCTACAAGGTGAAGTTCATCGGCGTGAACTTCC
EE10	wt	hg42	exon_exon	Forward	51	184	GAC	TGGCGACCGTGACGGCTGCTTCA	TTCAAGTGGGAGCGCGTGATGAACTTCGAGGACGGCGGCGTGGCGACCGTGACGGCTGCTTCATCTACAAGGTGAAGTTCATCGGCGTGAACTTCC
EE10R	db	2dsb	exon_exon	Reverse	44	122	GTC	TGAAGCAGCCGTCACGGTCGCCA	GGAAGTTCACGCCGATGAACTTCACCTTGTAGATGAAGCAGCCGTCACGGTCGCCACGCCGCCGTCCTCGAAGTTCATCACGCGCTCCCACTTGAA
EE10R	db	hg39	exon_exon	Reverse	44	122	GTC	TGAAGCAGCCGTCACGGTCGCCA	GGAAGTTCACGCCGATGAACTTCACCTTGTAGATGAAGCAGCCGTCACGGTCGCCACGCCGCCGTCCTCGAAGTTCATCACGCGCTCCCACTTGAA
EE10R	db	hg42	exon_exon	Reverse	44	122	GTC	TGAAGCAGCCGTCACGGTCGCCA	GGAAGTTCACGCCGATGAACTTCACCTTGTAGATGAAGCAGCCGTCACGGTCGCCACGCCGCCGTCCTCGAAGTTCATCACGCGCTCCCACTTGAA
EE10R	wt	2dsb	exon_exon	Reverse	44	177	GTC	TGAAGCAGCCGTCACGGTCGCCA	GGAAGTTCACGCCGATGAACTTCACCTTGTAGATGAAGCAGCCGTCACGGTCGCCACGCCGCCGTCCTCGAAGTTCATCACGCGCTCCCACTTGAA
EE10R	wt	hg39	exon_exon	Reverse	44	177	GTC	TGAAGCAGCCGTCACGGTCGCCA	GGAAGTTCACGCCGATGAACTTCACCTTGTAGATGAAGCAGCCGTCACGGTCGCCACGCCGCCGTCCTCGAAGTTCATCACGCGCTCCCACTTGAA
EE10R	wt	hg42	exon_exon	Reverse	44	177	GTC	TGAAGCAGCCGTCACGGTCGCCA	GGAAGTTCACGCCGATGAACTTCACCTTGTAGATGAAGCAGCCGTCACGGTCGCCACGCCGCCGTCCTCGAAGTTCATCACGCGCTCCCACTTGAA
EE11	db	2dsb	exon_exon	Forward	56	148	AGG	ACCGTGACCCAGGTGAAGTTCAT	TTCAAGTGGGAGCGCGTGATGAACTTCGAGGACGGCGGCGTGGCGACCGTGACCCAGGTGAAGTTCATCGGCGTGAACTTCC
EE11	db	hg39	exon_exon	Forward	56	148	AGG	ACCGTGACCCAGGTGAAGTTCAT	TTCAAGTGGGAGCGCGTGATGAACTTCGAGGACGGCGGCGTGGCGACCGTGACCCAGGTGAAGTTCATCGGCGTGAACTTCC
EE11	db	hg42	exon_exon	Forward	56	148	AGG	ACCGTGACCCAGGTGAAGTTCAT	TTCAAGTGGGAGCGCGTGATGAACTTCGAGGACGGCGGCGTGGCGACCGTGACCCAGGTGAAGTTCATCGGCGTGAACTTCC
EE11	wt	2dsb	exon_exon	Forward	56	203	AGG	ACCGTGACCCAGGTGAAGTTCAT	TTCAAGTGGGAGCGCGTGATGAACTTCGAGGACGGCGGCGTGGCGACCGTGACCCAGGTGAAGTTCATCGGCGTGAACTTCC
EE11	wt	hg39	exon_exon	Forward	56	203	AGG	ACCGTGACCCAGGTGAAGTTCAT	TTCAAGTGGGAGCGCGTGATGAACTTCGAGGACGGCGGCGTGGCGACCGTGACCCAGGTGAAGTTCATCGGCGTGAACTTCC
EE11	wt	hg42	exon_exon	Forward	56	203	AGG	ACCGTGACCCAGGTGAAGTTCAT	TTCAAGTGGGAGCGCGTGATGAACTTCGAGGACGGCGGCGTGGCGACCGTGACCCAGGTGAAGTTCATCGGCGTGAACTTCC
EE11R	db	2dsb	exon_exon	Reverse	25	117	CCT	ATGAACTTCACCTGGGTCACGGT	GGAAGTTCACGCCGATGAACTTCACCTGGGTCACGGTCGCCACGCCGCCGTCCTCGAAGTTCATCACGCGCTCCCACTTGAA
EE11R	db	hg39	exon_exon	Reverse	25	117	CCT	ATGAACTTCACCTGGGTCACGGT	GGAAGTTCACGCCGATGAACTTCACCTGGGTCACGGTCGCCACGCCGCCGTCCTCGAAGTTCATCACGCGCTCCCACTTGAA
EE11R	db	hg42	exon_exon	Reverse	25	117	CCT	ATGAACTTCACCTGGGTCACGGT	GGAAGTTCACGCCGATGAACTTCACCTGGGTCACGGTCGCCACGCCGCCGTCCTCGAAGTTCATCACGCGCTCCCACTTGAA
EE11R	wt	2dsb	exon_exon	Reverse	25	172	CCT	ATGAACTTCACCTGGGTCACGGT	GGAAGTTCACGCCGATGAACTTCACCTGGGTCACGGTCGCCACGCCGCCGTCCTCGAAGTTCATCACGCGCTCCCACTTGAA
EE11R	wt	hg39	exon_exon	Reverse	25	172	CCT	ATGAACTTCACCTGGGTCACGGT	GGAAGTTCACGCCGATGAACTTCACCTGGGTCACGGTCGCCACGCCGCCGTCCTCGAAGTTCATCACGCGCTCCCACTTGAA
EE11R	wt	hg42	exon_exon	Reverse	25	172	CCT	ATGAACTTCACCTGGGTCACGGT	GGAAGTTCACGCCGATGAACTTCACCTGGGTCACGGTCGCCACGCCGCCGTCCTCGAAGTTCATCACGCGCTCCCACTTGAA
EE12	db	2dsb	exon_exon	Forward	58	129	GAC	CGTGACCCAGGACGGCTGCTTCA	TTCAAGTGGGAGCGCGTGATGAACTTCGAGGACGGCGGCGTGGCGACCGTGACCCAGGACGGCTGCTTCATCTACAAGGTGAAGTTCATCGGCGTGAACTTCC
EE12	db	hg39	exon_exon	Forward	58	129	GAC	CGTGACCCAGGACGGCTGCTTCA	TTCAAGTGGGAGCGCGTGATGAACTTCGAGGACGGCGGCGTGGCGACCGTGACCCAGGACGGCTGCTTCATCTACAAGGTGAAGTTCATCGGCGTGAACTTCC
EE12	db	hg42	exon_exon	Forward	58	129	GAC	CGTGACCCAGGACGGCTGCTTCA	TTCAAGTGGGAGCGCGTGATGAACTTCGAGGACGGCGGCGTGGCGACCGTGACCCAGGACGGCTGCTTCATCTACAAGGTGAAGTTCATCGGCGTGAACTTCC
EE12	wt	2dsb	exon_exon	Forward	58	184	GAC	CGTGACCCAGGACGGCTGCTTCA	TTCAAGTGGGAGCGCGTGATGAACTTCGAGGACGGCGGCGTGGCGACCGTGACCCAGGACGGCTGCTTCATCTACAAGGTGAAGTTCATCGGCGTGAACTTCC
EE12	wt	hg39	exon_exon	Forward	58	184	GAC	CGTGACCCAGGACGGCTGCTTCA	TTCAAGTGGGAGCGCGTGATGAACTTCGAGGACGGCGGCGTGGCGACCGTGACCCAGGACGGCTGCTTCATCTACAAGGTGAAGTTCATCGGCGTGAACTTCC
EE12	wt	hg42	exon_exon	Forward	58	184	GAC	CGTGACCCAGGACGGCTGCTTCA	TTCAAGTGGGAGCGCGTGATGAACTTCGAGGACGGCGGCGTGGCGACCGTGACCCAGGACGGCTGCTTCATCTACAAGGTGAAGTTCATCGGCGTGAACTTCC
EE12R	db	2dsb	exon_exon	Reverse	44	115	GTC	TGAAGCAGCCGTCCTGGGTCACG	GGAAGTTCACGCCGATGAACTTCACCTTGTAGATGAAGCAGCCGTCCTGGGTCACGGTCGCCACGCCGCCGTCCTCGAAGTTCATCACGCGCTCCCACTTGAA
EE12R	db	hg39	exon_exon	Reverse	44	115	GTC	TGAAGCAGCCGTCCTGGGTCACG	GGAAGTTCACGCCGATGAACTTCACCTTGTAGATGAAGCAGCCGTCCTGGGTCACGGTCGCCACGCCGCCGTCCTCGAAGTTCATCACGCGCTCCCACTTGAA
EE12R	db	hg42	exon_exon	Reverse	44	115	GTC	TGAAGCAGCCGTCCTGGGTCACG	GGAAGTTCACGCCGATGAACTTCACCTTGTAGATGAAGCAGCCGTCCTGGGTCACGGTCGCCACGCCGCCGTCCTCGAAGTTCATCACGCGCTCCCACTTGAA
EE12R	wt	2dsb	exon_exon	Reverse	44	170	GTC	TGAAGCAGCCGTCCTGGGTCACG	GGAAGTTCACGCCGATGAACTTCACCTTGTAGATGAAGCAGCCGTCCTGGGTCACGGTCGCCACGCCGCCGTCCTCGAAGTTCATCACGCGCTCCCACTTGAA
EE12R	wt	hg39	exon_exon	Reverse	44	170	GTC	TGAAGCAGCCGTCCTGGGTCACG	GGAAGTTCACGCCGATGAACTTCACCTTGTAGATGAAGCAGCCGTCCTGGGTCACGGTCGCCACGCCGCCGTCCTCGAAGTTCATCACGCGCTCCCACTTGAA
EE12R	wt	hg42	exon_exon	Reverse	44	170	GTC	TGAAGCAGCCGTCCTGGGTCACG	GGAAGTTCACGCCGATGAACTTCACCTTGTAGATGAAGCAGCCGTCCTGGGTCACGGTCGCCACGCCGCCGTCCTCGAAGTTCATCACGCGCTCCCACTTGAA
EE13	db	hg42	exon_exon	Forward	67	134	CTGC	GGACTCCTCCCTGCTTCATCTACA	TTCAAGTGGGAGCGCGTGATGAACTTCGAGGACGGCGGCGTGGCGACCGTGACCCAGGACTCCTCCCTGCTTCATCTACAAGGTGAAGTTCATCGGCGTGAACTTCC
EE13	wt	hg42	exon_exon	Forward	67	189	CTGC	GGACTCCTCCCTGCTTCATCTACA	TTCAAGTGGGAGCGCGTGATGAACTTCGAGGACGGCGGCGTGGCGACCGTGACCCAGGACTCCTCCCTGCTTCATCTACAAGGTGAAGTTCATCGGCGTGAACTTCC
EE13R	db	hg42	exon_exon	Reverse	38	105	GCAG	TGTAGATGAAGCAGGGAGGAGTCC	GGAAGTTCACGCCGATGAACTTCACCTTGTAGATGAAGCAGGGAGGAGTCCTGGGTCACGGTCGCCACGCCGCCGTCCTCGAAGTTCATCACGCGCTCCCACTTGAA
EE13R	wt	hg42	exon_exon	Reverse	38	160	GCAG	TGTAGATGAAGCAGGGAGGAGTCC	GGAAGTTCACGCCGATGAACTTCACCTTGTAGATGAAGCAGGGAGGAGTCCTGGGTCACGGTCGCCACGCCGCCGTCCTCGAAGTTCATCACGCGCTCCCACTTGAA
EI1	db	hg39	exon_intron	Forward	23	87	ACT	CGCGTGATGAACTAAAGGAGGCT	TTCAAGTGGGAGCGCGTGATGAACTAAAGGAGGCTTTTCTCAGGTCGACTCTAGTTATCCACAGGACGGCTGCTTCATCTACAAGGTGAAGTTCATCGGCGTGAACTTCC
EI1	wt	hg39	exon_intron	Forward	23	87	ACT	CGCGTGATGAACTAAAGGAGGCT	TTCAAGTGGGAGCGCGTGATGAACTAAAGGAGGCTTTTCTCAGGTCGACTCTAGACGCGTAGGATCCCCCGGGTACCGAGCTCGAATTTTTACTAACAAATGGTATTATTTATCCACAGGACGGCTGCTTCATCTACAAGGTGAAGTTCATCGGCGTGAACTTCC
EI1R	db	hg39	exon_intron	Reverse	86	150	AGT	AGCCTCCTTTAGTTCATCACGCG	GGAAGTTCACGCCGATGAACTTCACCTTGTAGATGAAGCAGCCGTCCTGTGGATAACTAGAGTCGACCTGAGAAAAGCCTCCTTTAGTTCATCACGCGCTCCCACTTGAA
EI1R	wt	hg39	exon_intron	Reverse	141	205	AGT	AGCCTCCTTTAGTTCATCACGCG	GGAAGTTCACGCCGATGAACTTCACCTTGTAGATGAAGCAGCCGTCCTGTGGATAAATAATACCATTTGTTAGTAAAAATTCGAGCTCGGTACCCGGGGGATCCTACGCGTCTAGAGTCGACCTGAGAAAAGCCTCCTTTAGTTCATCACGCGCTCCCACTTGAA
EI2	db	hg39	exon_intron	Forward	23	112	ACT	CGCGTGATGAACTCTAGTTATCC	TTCAAGTGGGAGCGCGTGATGAACTCTAGTTATCCACAGGACGGCTGCTTCATCTACAAGGTGAAGTTCATCGGCGTGAACTTCC
EI2	wt	hg39	exon_intron	Forward	23	112	ACT	CGCGTGATGAACTCTAGACGCGT	TTCAAGTGGGAGCGCGTGATGAACTCTAGACGCGTAGGATCCCCCGGGTACCGAGCTCGAATTTTTACTAACAAATGGTATTATTTATCCACAGGACGGCTGCTTCATCTACAAGGTGAAGTTCATCGGCGTGAACTTCC
EI2R	db	hg39	exon_intron	Reverse	61	150	AGT	GGATAACTAGAGTTCATCACGCG	GGAAGTTCACGCCGATGAACTTCACCTTGTAGATGAAGCAGCCGTCCTGTGGATAACTAGAGTTCATCACGCGCTCCCACTTGAA
EI2R	wt	hg39	exon_intron	Reverse	116	205	AGT	ACGCGTCTAGAGTTCATCACGCG	GGAAGTTCACGCCGATGAACTTCACCTTGTAGATGAAGCAGCCGTCCTGTGGATAAATAATACCATTTGTTAGTAAAAATTCGAGCTCGGTACCCGGGGGATCCTACGCGTCTAGAGTTCATCACGCGCTCCCACTTGAA
EI3	db	hg39	exon_intron	Forward	24	98	CTT	GCGTGATGAACTTTTCTCAGGTC	TTCAAGTGGGAGCGCGTGATGAACTTTTCTCAGGTCGACTCTAGTTATCCACAGGACGGCTGCTTCATCTACAAGGTGAAGTTCATCGGCGTGAACTTCC
EI3	wt	hg39	exon_intron	Forward	24	98	CTT	GCGTGATGAACTTTTCTCAGGTC	TTCAAGTGGGAGCGCGTGATGAACTTTTCTCAGGTCGACTCTAGACGCGTAGGATCCCCCGGGTACCGAGCTCGAATTTTTACTAACAAATGGTATTATTTATCCACAGGACGGCTGCTTCATCTACAAGGTGAAGTTCATCGGCGTGAACTTCC
EI3R	db	hg39	exon_intron	Reverse	75	149	AAG	GACCTGAGAAAAGTTCATCACGC	GGAAGTTCACGCCGATGAACTTCACCTTGTAGATGAAGCAGCCGTCCTGTGGATAACTAGAGTCGACCTGAGAAAAGTTCATCACGCGCTCCCACTTGAA
EI3R	wt	hg39	exon_intron	Reverse	130	204	AAG	GACCTGAGAAAAGTTCATCACGC	GGAAGTTCACGCCGATGAACTTCACCTTGTAGATGAAGCAGCCGTCCTGTGGATAAATAATACCATTTGTTAGTAAAAATTCGAGCTCGGTACCCGGGGGATCCTACGCGTCTAGAGTCGACCTGAGAAAAGTTCATCACGCGCTCCCACTTGAA
EI4	db	hg39	exon_intron	Forward	25	101	TTC	CGTGATGAACTTCTCAGGTCGAC	TTCAAGTGGGAGCGCGTGATGAACTTCTCAGGTCGACTCTAGTTATCCACAGGACGGCTGCTTCATCTACAAGGTGAAGTTCATCGGCGTGAACTTCC
EI4	wt	hg39	exon_intron	Forward	25	101	TTC	CGTGATGAACTTCTCAGGTCGAC	TTCAAGTGGGAGCGCGTGATGAACTTCTCAGGTCGACTCTAGACGCGTAGGATCCCCCGGGTACCGAGCTCGAATTTTTACTAACAAATGGTATTATTTATCCACAGGACGGCTGCTTCATCTACAAGGTGAAGTTCATCGGCGTGAACTTCC
EI4R	db	hg39	exon_intron	Reverse	72	148	GAA	GTCGACCTGAGAAGTTCATCACG	GGAAGTTCACGCCGATGAACTTCACCTTGTAGATGAAGCAGCCGTCCTGTGGATAACTAGAGTCGACCTGAGAAGTTCATCACGCGCTCCCACTTGAA
EI4R	wt	hg39	exon_intron	Reverse	127	203	GAA	GTCGACCTGAGAAGTTCATCACG	GGAAGTTCACGCCGATGAACTTCACCTTGTAGATGAAGCAGCCGTCCTGTGGATAAATAATACCATTTGTTAGTAAAAATTCGAGCTCGGTACCCGGGGGATCCTACGCGTCTAGAGTCGACCTGAGAAGTTCATCACGCGCTCCCACTTGAA
EI5	db	hg39	exon_intron	Forward	26	109	TCGA	GTGATGAACTTCGACTCTAGTTAT	TTCAAGTGGGAGCGCGTGATGAACTTCGACTCTAGTTATCCACAGGACGGCTGCTTCATCTACAAGGTGAAGTTCATCGGCGTGAACTTCC
EI5	wt	hg39	exon_intron	Forward	26	109	TCGA	GTGATGAACTTCGACTCTAGACGC	TTCAAGTGGGAGCGCGTGATGAACTTCGACTCTAGACGCGTAGGATCCCCCGGGTACCGAGCTCGAATTTTTACTAACAAATGGTATTATTTATCCACAGGACGGCTGCTTCATCTACAAGGTGAAGTTCATCGGCGTGAACTTCC
EI5R	db	hg39	exon_intron	Reverse	63	146	TCGA	ATAACTAGAGTCGAAGTTCATCAC	GGAAGTTCACGCCGATGAACTTCACCTTGTAGATGAAGCAGCCGTCCTGTGGATAACTAGAGTCGAAGTTCATCACGCGCTCCCACTTGAA
EI5R	wt	hg39	exon_intron	Reverse	118	201	TCGA	GCGTCTAGAGTCGAAGTTCATCAC	GGAAGTTCACGCCGATGAACTTCACCTTGTAGATGAAGCAGCCGTCCTGTGGATAAATAATACCATTTGTTAGTAAAAATTCGAGCTCGGTACCCGGGGGATCCTACGCGTCTAGAGTCGAAGTTCATCACGCGCTCCCACTTGAA
EI6	db	hg39	exon_intron	Forward	28	94	GAGG	GATGAACTTCGAGGCTTTTCTCAG	TTCAAGTGGGAGCGCGTGATGAACTTCGAGGCTTTTCTCAGGTCGACTCTAGTTATCCACAGGACGGCTGCTTCATCTACAAGGTGAAGTTCATCGGCGTGAACTTCC
EI6	wt	hg39	exon_intron	Forward	28	94	GAGG	GATGAACTTCGAGGCTTTTCTCAG	TTCAAGTGGGAGCGCGTGATGAACTTCGAGGCTTTTCTCAGGTCGACTCTAGACGCGTAGGATCCCCCGGGTACCGAGCTCGAATTTTTACTAACAAATGGTATTATTTATCCACAGGACGGCTGCTTCATCTACAAGGTGAAGTTCATCGGCGTGAACTTCC
EI6R	db	hg39	exon_intron	Reverse	78	144	CCTC	CTGAGAAAAGCCTCGAAGTTCATC	GGAAGTTCACGCCGATGAACTTCACCTTGTAGATGAAGCAGCCGTCCTGTGGATAACTAGAGTCGACCTGAGAAAAGCCTCGAAGTTCATCACGCGCTCCCACTTGAA
EI6R	wt	hg39	exon_intron	Reverse	133	199	CCTC	CTGAGAAAAGCCTCGAAGTTCATC	GGAAGTTCACGCCGATGAACTTCACCTTGTAGATGAAGCAGCCGTCCTGTGGATAAATAATACCATTTGTTAGTAAAAATTCGAGCTCGGTACCCGGGGGATCCTACGCGTCTAGAGTCGACCTGAGAAAAGCCTCGAAGTTCATCACGCGCTCCCACTTGAA
EI7	db	hg39	exon_intron	Forward	29	106	AGG	ATGAACTTCGAGGTCGACTCTAG	TTCAAGTGGGAGCGCGTGATGAACTTCGAGGTCGACTCTAGTTATCCACAGGACGGCTGCTTCATCTACAAGGTGAAGTTCATCGGCGTGAACTTCC
EI7	wt	hg39	exon_intron	Forward	29	106	AGG	ATGAACTTCGAGGTCGACTCTAG	TTCAAGTGGGAGCGCGTGATGAACTTCGAGGTCGACTCTAGACGCGTAGGATCCCCCGGGTACCGAGCTCGAATTTTTACTAACAAATGGTATTATTTATCCACAGGACGGCTGCTTCATCTACAAGGTGAAGTTCATCGGCGTGAACTTCC
EI7R	db	hg39	exon_intron	Reverse	67	144	CCT	CTAGAGTCGACCTCGAAGTTCAT	GGAAGTTCACGCCGATGAACTTCACCTTGTAGATGAAGCAGCCGTCCTGTGGATAACTAGAGTCGACCTCGAAGTTCATCACGCGCTCCCACTTGAA
EI7R	wt	hg39	exon_intron	Reverse	122	199	CCT	CTAGAGTCGACCTCGAAGTTCAT	GGAAGTTCACGCCGATGAACTTCACCTTGTAGATGAAGCAGCCGTCCTGTGGATAAATAATACCATTTGTTAGTAAAAATTCGAGCTCGGTACCCGGGGGATCCTACGCGTCTAGAGTCGACCTCGAAGTTCATCACGCGCTCCCACTTGAA
EI8	db	hg39	exon_intron	Forward	29	92	AGGA	ATGAACTTCGAGGAGGCTTTTCTC	TTCAAGTGGGAGCGCGTGATGAACTTCGAGGAGGCTTTTCTCAGGTCGACTCTAGTTATCCACAGGACGGCTGCTTCATCTACAAGGTGAAGTTCATCGGCGTGAACTTCC
EI8	wt	hg39	exon_intron	Forward	29	92	AGGA	ATGAACTTCGAGGAGGCTTTTCTC	TTCAAGTGGGAGCGCGTGATGAACTTCGAGGAGGCTTTTCTCAGGTCGACTCTAGACGCGTAGGATCCCCCGGGTACCGAGCTCGAATTTTTACTAACAAATGGTATTATTTATCCACAGGACGGCTGCTTCATCTACAAGGTGAAGTTCATCGGCGTGAACTTCC
EI8R	db	hg39	exon_intron	Reverse	80	143	TCCT	GAGAAAAGCCTCCTCGAAGTTCAT	GGAAGTTCACGCCGATGAACTTCACCTTGTAGATGAAGCAGCCGTCCTGTGGATAACTAGAGTCGACCTGAGAAAAGCCTCCTCGAAGTTCATCACGCGCTCCCACTTGAA
EI8R	wt	hg39	exon_intron	Reverse	135	198	TCCT	GAGAAAAGCCTCCTCGAAGTTCAT	GGAAGTTCACGCCGATGAACTTCACCTTGTAGATGAAGCAGCCGTCCTGTGGATAAATAATACCATTTGTTAGTAAAAATTCGAGCTCGGTACCCGGGGGATCCTACGCGTCTAGAGTCGACCTGAGAAAAGCCTCCTCGAAGTTCATCACGCGCTCCCACTTGAA
EI9	db	hg39	exon_intron	Forward	30	85	GGAC	TGAACTTCGAGGACTAAAGGAGGC	TTCAAGTGGGAGCGCGTGATGAACTTCGAGGACTAAAGGAGGCTTTTCTCAGGTCGACTCTAGTTATCCACAGGACGGCTGCTTCATCTACAAGGTGAAGTTCATCGGCGTGAACTTCC
EI9	wt	hg39	exon_intron	Forward	30	85	GGAC	TGAACTTCGAGGACTAAAGGAGGC	TTCAAGTGGGAGCGCGTGATGAACTTCGAGGACTAAAGGAGGCTTTTCTCAGGTCGACTCTAGACGCGTAGGATCCCCCGGGTACCGAGCTCGAATTTTTACTAACAAATGGTATTATTTATCCACAGGACGGCTGCTTCATCTACAAGGTGAAGTTCATCGGCGTGAACTTCC
EI9R	db	hg39	exon_intron	Reverse	87	142	GTCC	GCCTCCTTTAGTCCTCGAAGTTCA	GGAAGTTCACGCCGATGAACTTCACCTTGTAGATGAAGCAGCCGTCCTGTGGATAACTAGAGTCGACCTGAGAAAAGCCTCCTTTAGTCCTCGAAGTTCATCACGCGCTCCCACTTGAA
EI9R	wt	hg39	exon_intron	Reverse	142	197	GTCC	GCCTCCTTTAGTCCTCGAAGTTCA	GGAAGTTCACGCCGATGAACTTCACCTTGTAGATGAAGCAGCCGTCCTGTGGATAAATAATACCATTTGTTAGTAAAAATTCGAGCTCGGTACCCGGGGGATCCTACGCGTCTAGAGTCGACCTGAGAAAAGCCTCCTTTAGTCCTCGAAGTTCATCACGCGCTCCCACTTGAA
EI10	db	hg39	exon_intron	Forward	31	111	GAC	GAACTTCGAGGACTCTAGTTATC	TTCAAGTGGGAGCGCGTGATGAACTTCGAGGACTCTAGTTATCCACAGGACGGCTGCTTCATCTACAAGGTGAAGTTCATCGGCGTGAACTTCC
EI10	wt	hg39	exon_intron	Forward	31	111	GAC	GAACTTCGAGGACTCTAGACGCG	TTCAAGTGGGAGCGCGTGATGAACTTCGAGGACTCTAGACGCGTAGGATCCCCCGGGTACCGAGCTCGAATTTTTACTAACAAATGGTATTATTTATCCACAGGACGGCTGCTTCATCTACAAGGTGAAGTTCATCGGCGTGAACTTCC
EI10R	db	hg39	exon_intron	Reverse	62	142	GTC	GATAACTAGAGTCCTCGAAGTTC	GGAAGTTCACGCCGATGAACTTCACCTTGTAGATGAAGCAGCCGTCCTGTGGATAACTAGAGTCCTCGAAGTTCATCACGCGCTCCCACTTGAA
EI10R	wt	hg39	exon_intron	Reverse	117	197	GTC	CGCGTCTAGAGTCCTCGAAGTTC	GGAAGTTCACGCCGATGAACTTCACCTTGTAGATGAAGCAGCCGTCCTGTGGATAAATAATACCATTTGTTAGTAAAAATTCGAGCTCGGTACCCGGGGGATCCTACGCGTCTAGAGTCCTCGAAGTTCATCACGCGCTCCCACTTGAA
EI11	db	hg39	exon_intron	Forward	34	96	GGC	CTTCGAGGACGGCTTTTCTCAGG	TTCAAGTGGGAGCGCGTGATGAACTTCGAGGACGGCTTTTCTCAGGTCGACTCTAGTTATCCACAGGACGGCTGCTTCATCTACAAGGTGAAGTTCATCGGCGTGAACTTCC
EI11	wt	hg39	exon_intron	Forward	34	96	GGC	CTTCGAGGACGGCTTTTCTCAGG	TTCAAGTGGGAGCGCGTGATGAACTTCGAGGACGGCTTTTCTCAGGTCGACTCTAGACGCGTAGGATCCCCCGGGTACCGAGCTCGAATTTTTACTAACAAATGGTATTATTTATCCACAGGACGGCTGCTTCATCTACAAGGTGAAGTTCATCGGCGTGAACTTCC
EI11R	db	hg39	exon_intron	Reverse	77	139	GCC	CCTGAGAAAAGCCGTCCTCGAAG	GGAAGTTCACGCCGATGAACTTCACCTTGTAGATGAAGCAGCCGTCCTGTGGATAACTAGAGTCGACCTGAGAAAAGCCGTCCTCGAAGTTCATCACGCGCTCCCACTTGAA
EI11R	wt	hg39	exon_intron	Reverse	132	194	GCC	CCTGAGAAAAGCCGTCCTCGAAG	GGAAGTTCACGCCGATGAACTTCACCTTGTAGATGAAGCAGCCGTCCTGTGGATAAATAATACCATTTGTTAGTAAAAATTCGAGCTCGGTACCCGGGGGATCCTACGCGTCTAGAGTCGACCTGAGAAAAGCCGTCCTCGAAGTTCATCACGCGCTCCCACTTGAA
EI12	db	hg39	exon_intron	Forward	37	96	GGC	CGAGGACGGCGGCTTTTCTCAGG	TTCAAGTGGGAGCGCGTGATGAACTTCGAGGACGGCGGCTTTTCTCAGGTCGACTCTAGTTATCCACAGGACGGCTGCTTCATCTACAAGGTGAAGTTCATCGGCGTGAACTTCC
EI12	wt	hg39	exon_intron	Forward	37	96	GGC	CGAGGACGGCGGCTTTTCTCAGG	TTCAAGTGGGAGCGCGTGATGAACTTCGAGGACGGCGGCTTTTCTCAGGTCGACTCTAGACGCGTAGGATCCCCCGGGTACCGAGCTCGAATTTTTACTAACAAATGGTATTATTTATCCACAGGACGGCTGCTTCATCTACAAGGTGAAGTTCATCGGCGTGAACTTCC
EI12R	db	hg39	exon_intron	Reverse	77	136	GCC	CCTGAGAAAAGCCGCCGTCCTCG	GGAAGTTCACGCCGATGAACTTCACCTTGTAGATGAAGCAGCCGTCCTGTGGATAACTAGAGTCGACCTGAGAAAAGCCGCCGTCCTCGAAGTTCATCACGCGCTCCCACTTGAA
EI12R	wt	hg39	exon_intron	Reverse	132	191	GCC	CCTGAGAAAAGCCGCCGTCCTCG	GGAAGTTCACGCCGATGAACTTCACCTTGTAGATGAAGCAGCCGTCCTGTGGATAAATAATACCATTTGTTAGTAAAAATTCGAGCTCGGTACCCGGGGGATCCTACGCGTCTAGAGTCGACCTGAGAAAAGCCGCCGTCCTCGAAGTTCATCACGCGCTCCCACTTGAA
EI13	db	hg39	exon_intron	Forward	41	84	TGG	GACGGCGGCGTGGACTAAAGGAG	TTCAAGTGGGAGCGCGTGATGAACTTCGAGGACGGCGGCGTGGACTAAAGGAGGCTTTTCTCAGGTCGACTCTAGTTATCCACAGGACGGCTGCTTCATCTACAAGGTGAAGTTCATCGGCGTGAACTTCC
EI13	wt	hg39	exon_intron	Forward	41	84	TGG	GACGGCGGCGTGGACTAAAGGAG	TTCAAGTGGGAGCGCGTGATGAACTTCGAGGACGGCGGCGTGGACTAAAGGAGGCTTTTCTCAGGTCGACTCTAGACGCGTAGGATCCCCCGGGTACCGAGCTCGAATTTTTACTAACAAATGGTATTATTTATCCACAGGACGGCTGCTTCATCTACAAGGTGAAGTTCATCGGCGTGAACTTCC
EI13R	db	hg39	exon_intron	Reverse	89	132	CCA	CTCCTTTAGTCCACGCCGCCGTC	GGAAGTTCACGCCGATGAACTTCACCTTGTAGATGAAGCAGCCGTCCTGTGGATAACTAGAGTCGACCTGAGAAAAGCCTCCTTTAGTCCACGCCGCCGTCCTCGAAGTTCATCACGCGCTCCCACTTGAA
EI13R	wt	hg39	exon_intron	Reverse	144	187	CCA	CTCCTTTAGTCCACGCCGCCGTC	GGAAGTTCACGCCGATGAACTTCACCTTGTAGATGAAGCAGCCGTCCTGTGGATAAATAATACCATTTGTTAGTAAAAATTCGAGCTCGGTACCCGGGGGATCCTACGCGTCTAGAGTCGACCTGAGAAAAGCCTCCTTTAGTCCACGCCGCCGTCCTCGAAGTTCATCACGCGCTCCCACTTGAA
EI14	db	hg39	exon_intron	Forward	42	96	GGC	ACGGCGGCGTGGCTTTTCTCAGG	TTCAAGTGGGAGCGCGTGATGAACTTCGAGGACGGCGGCGTGGCTTTTCTCAGGTCGACTCTAGTTATCCACAGGACGGCTGCTTCATCTACAAGGTGAAGTTCATCGGCGTGAACTTCC
EI14	wt	hg39	exon_intron	Forward	42	96	GGC	ACGGCGGCGTGGCTTTTCTCAGG	TTCAAGTGGGAGCGCGTGATGAACTTCGAGGACGGCGGCGTGGCTTTTCTCAGGTCGACTCTAGACGCGTAGGATCCCCCGGGTACCGAGCTCGAATTTTTACTAACAAATGGTATTATTTATCCACAGGACGGCTGCTTCATCTACAAGGTGAAGTTCATCGGCGTGAACTTCC
EI14R	db	hg39	exon_intron	Reverse	77	131	GCC	CCTGAGAAAAGCCACGCCGCCGT	GGAAGTTCACGCCGATGAACTTCACCTTGTAGATGAAGCAGCCGTCCTGTGGATAACTAGAGTCGACCTGAGAAAAGCCACGCCGCCGTCCTCGAAGTTCATCACGCGCTCCCACTTGAA
EI14R	wt	hg39	exon_intron	Reverse	132	186	GCC	CCTGAGAAAAGCCACGCCGCCGT	GGAAGTTCACGCCGATGAACTTCACCTTGTAGATGAAGCAGCCGTCCTGTGGATAAATAATACCATTTGTTAGTAAAAATTCGAGCTCGGTACCCGGGGGATCCTACGCGTCTAGAGTCGACCTGAGAAAAGCCACGCCGCCGTCCTCGAAGTTCATCACGCGCTCCCACTTGAA
EI15	db	hg39	exon_intron	Forward	45	86	GAC	GCGGCGTGGCGACTAAAGGAGGC	TTCAAGTGGGAGCGCGTGATGAACTTCGAGGACGGCGGCGTGGCGACTAAAGGAGGCTTTTCTCAGGTCGACTCTAGTTATCCACAGGACGGCTGCTTCATCTACAAGGTGAAGTTCATCGGCGTGAACTTCC
EI15	wt	hg39	exon_intron	Forward	45	86	GAC	GCGGCGTGGCGACTAAAGGAGGC	TTCAAGTGGGAGCGCGTGATGAACTTCGAGGACGGCGGCGTGGCGACTAAAGGAGGCTTTTCTCAGGTCGACTCTAGACGCGTAGGATCCCCCGGGTACCGAGCTCGAATTTTTACTAACAAATGGTATTATTTATCCACAGGACGGCTGCTTCATCTACAAGGTGAAGTTCATCGGCGTGAACTTCC
EI15R	db	hg39	exon_intron	Reverse	87	128	GTC	GCCTCCTTTAGTCGCCACGCCGC	GGAAGTTCACGCCGATGAACTTCACCTTGTAGATGAAGCAGCCGTCCTGTGGATAACTAGAGTCGACCTGAGAAAAGCCTCCTTTAGTCGCCACGCCGCCGTCCTCGAAGTTCATCACGCGCTCCCACTTGAA
EI15R	wt	hg39	exon_intron	Reverse	142	183	GTC	GCCTCCTTTAGTCGCCACGCCGC	GGAAGTTCACGCCGATGAACTTCACCTTGTAGATGAAGCAGCCGTCCTGTGGATAAATAATACCATTTGTTAGTAAAAATTCGAGCTCGGTACCCGGGGGATCCTACGCGTCTAGAGTCGACCTGAGAAAAGCCTCCTTTAGTCGCCACGCCGCCGTCCTCGAAGTTCATCACGCGCTCCCACTTGAA
EI16	db	hg39	exon_intron	Forward	44	110	CGAC	GGCGGCGTGGCGACTCTAGTTATC	TTCAAGTGGGAGCGCGTGATGAACTTCGAGGACGGCGGCGTGGCGACTCTAGTTATCCACAGGACGGCTGCTTCATCTACAAGGTGAAGTTCATCGGCGTGAACTTCC
EI16	wt	hg39	exon_intron	Forward	44	110	CGAC	GGCGGCGTGGCGACTCTAGACGCG	TTCAAGTGGGAGCGCGTGATGAACTTCGAGGACGGCGGCGTGGCGACTCTAGACGCGTAGGATCCCCCGGGTACCGAGCTCGAATTTTTACTAACAAATGGTATTATTTATCCACAGGACGGCTGCTTCATCTACAAGGTGAAGTTCATCGGCGTGAACTTCC
EI16R	db	hg39	exon_intron	Reverse	62	128	GTCG	GATAACTAGAGTCGCCACGCCGCC	GGAAGTTCACGCCGATGAACTTCACCTTGTAGATGAAGCAGCCGTCCTGTGGATAACTAGAGTCGCCACGCCGCCGTCCTCGAAGTTCATCACGCGCTCCCACTTGAA
EI16R	wt	hg39	exon_intron	Reverse	117	183	GTCG	CGCGTCTAGAGTCGCCACGCCGCC	GGAAGTTCACGCCGATGAACTTCACCTTGTAGATGAAGCAGCCGTCCTGTGGATAAATAATACCATTTGTTAGTAAAAATTCGAGCTCGGTACCCGGGGGATCCTACGCGTCTAGAGTCGCCACGCCGCCGTCCTCGAAGTTCATCACGCGCTCCCACTTGAA
EI17	db	hg39	exon_intron	Forward	51	86	GAC	TGGCGACCGTGACTAAAGGAGGC	TTCAAGTGGGAGCGCGTGATGAACTTCGAGGACGGCGGCGTGGCGACCGTGACTAAAGGAGGCTTTTCTCAGGTCGACTCTAGTTATCCACAGGACGGCTGCTTCATCTACAAGGTGAAGTTCATCGGCGTGAACTTCC
EI17	wt	hg39	exon_intron	Forward	51	86	GAC	TGGCGACCGTGACTAAAGGAGGC	TTCAAGTGGGAGCGCGTGATGAACTTCGAGGACGGCGGCGTGGCGACCGTGACTAAAGGAGGCTTTTCTCAGGTCGACTCTAGACGCGTAGGATCCCCCGGGTACCGAGCTCGAATTTTTACTAACAAATGGTATTATTTATCCACAGGACGGCTGCTTCATCTACAAGGTGAAGTTCATCGGCGTGAACTTCC
EI17R	db	hg39	exon_intron	Reverse	87	122	GTC	GCCTCCTTTAGTCACGGTCGCCA	GGAAGTTCACGCCGATGAACTTCACCTTGTAGATGAAGCAGCCGTCCTGTGGATAACTAGAGTCGACCTGAGAAAAGCCTCCTTTAGTCACGGTCGCCACGCCGCCGTCCTCGAAGTTCATCACGCGCTCCCACTTGAA
EI17R	wt	hg39	exon_intron	Reverse	142	177	GTC	GCCTCCTTTAGTCACGGTCGCCA	GGAAGTTCACGCCGATGAACTTCACCTTGTAGATGAAGCAGCCGTCCTGTGGATAAATAATACCATTTGTTAGTAAAAATTCGAGCTCGGTACCCGGGGGATCCTACGCGTCTAGAGTCGACCTGAGAAAAGCCTCCTTTAGTCACGGTCGCCACGCCGCCGTCCTCGAAGTTCATCACGCGCTCCCACTTGAA
EI18	db	hg39	exon_intron	Forward	51	111	GAC	TGGCGACCGTGACTCTAGTTATC	TTCAAGTGGGAGCGCGTGATGAACTTCGAGGACGGCGGCGTGGCGACCGTGACTCTAGTTATCCACAGGACGGCTGCTTCATCTACAAGGTGAAGTTCATCGGCGTGAACTTCC
EI18	wt	hg39	exon_intron	Forward	51	111	GAC	TGGCGACCGTGACTCTAGACGCG	TTCAAGTGGGAGCGCGTGATGAACTTCGAGGACGGCGGCGTGGCGACCGTGACTCTAGACGCGTAGGATCCCCCGGGTACCGAGCTCGAATTTTTACTAACAAATGGTATTATTTATCCACAGGACGGCTGCTTCATCTACAAGGTGAAGTTCATCGGCGTGAACTTCC
EI18R	db	hg39	exon_intron	Reverse	62	122	GTC	GATAACTAGAGTCACGGTCGCCA	GGAAGTTCACGCCGATGAACTTCACCTTGTAGATGAAGCAGCCGTCCTGTGGATAACTAGAGTCACGGTCGCCACGCCGCCGTCCTCGAAGTTCATCACGCGCTCCCACTTGAA
EI18R	wt	hg39	exon_intron	Reverse	117	177	GTC	CGCGTCTAGAGTCACGGTCGCCA	GGAAGTTCACGCCGATGAACTTCACCTTGTAGATGAAGCAGCCGTCCTGTGGATAAATAATACCATTTGTTAGTAAAAATTCGAGCTCGGTACCCGGGGGATCCTACGCGTCTAGAGTCACGGTCGCCACGCCGCCGTCCTCGAAGTTCATCACGCGCTCCCACTTGAA
EI19	db	hg39	exon_intron	Forward	56	95	AGG	ACCGTGACCCAGGCTTTTCTCAG	TTCAAGTGGGAGCGCGTGATGAACTTCGAGGACGGCGGCGTGGCGACCGTGACCCAGGCTTTTCTCAGGTCGACTCTAGTTATCCACAGGACGGCTGCTTCATCTACAAGGTGAAGTTCATCGGCGTGAACTTCC
EI19	wt	hg39	exon_intron	Forward	56	95	AGG	ACCGTGACCCAGGCTTTTCTCAG	TTCAAGTGGGAGCGCGTGATGAACTTCGAGGACGGCGGCGTGGCGACCGTGACCCAGGCTTTTCTCAGGTCGACTCTAGACGCGTAGGATCCCCCGGGTACCGAGCTCGAATTTTTACTAACAAATGGTATTATTTATCCACAGGACGGCTGCTTCATCTACAAGGTGAAGTTCATCGGCGTGAACTTCC
EI19R	db	hg39	exon_intron	Reverse	78	117	CCT	CTGAGAAAAGCCTGGGTCACGGT	GGAAGTTCACGCCGATGAACTTCACCTTGTAGATGAAGCAGCCGTCCTGTGGATAACTAGAGTCGACCTGAGAAAAGCCTGGGTCACGGTCGCCACGCCGCCGTCCTCGAAGTTCATCACGCGCTCCCACTTGAA
EI19R	wt	hg39	exon_intron	Reverse	133	172	CCT	CTGAGAAAAGCCTGGGTCACGGT	GGAAGTTCACGCCGATGAACTTCACCTTGTAGATGAAGCAGCCGTCCTGTGGATAAATAATACCATTTGTTAGTAAAAATTCGAGCTCGGTACCCGGGGGATCCTACGCGTCTAGAGTCGACCTGAGAAAAGCCTGGGTCACGGTCGCCACGCCGCCGTCCTCGAAGTTCATCACGCGCTCCCACTTGAA
EI20	db	hg39	exon_intron	Forward	55	105	CAGG	GACCGTGACCCAGGTCGACTCTAG	TTCAAGTGGGAGCGCGTGATGAACTTCGAGGACGGCGGCGTGGCGACCGTGACCCAGGTCGACTCTAGTTATCCACAGGACGGCTGCTTCATCTACAAGGTGAAGTTCATCGGCGTGAACTTCC
EI20	wt	hg39	exon_intron	Forward	55	105	CAGG	GACCGTGACCCAGGTCGACTCTAG	TTCAAGTGGGAGCGCGTGATGAACTTCGAGGACGGCGGCGTGGCGACCGTGACCCAGGTCGACTCTAGACGCGTAGGATCCCCCGGGTACCGAGCTCGAATTTTTACTAACAAATGGTATTATTTATCCACAGGACGGCTGCTTCATCTACAAGGTGAAGTTCATCGGCGTGAACTTCC
EI20R	db	hg39	exon_intron	Reverse	67	117	CCTG	CTAGAGTCGACCTGGGTCACGGTC	GGAAGTTCACGCCGATGAACTTCACCTTGTAGATGAAGCAGCCGTCCTGTGGATAACTAGAGTCGACCTGGGTCACGGTCGCCACGCCGCCGTCCTCGAAGTTCATCACGCGCTCCCACTTGAA
EI20R	wt	hg39	exon_intron	Reverse	122	172	CCTG	CTAGAGTCGACCTGGGTCACGGTC	GGAAGTTCACGCCGATGAACTTCACCTTGTAGATGAAGCAGCCGTCCTGTGGATAAATAATACCATTTGTTAGTAAAAATTCGAGCTCGGTACCCGGGGGATCCTACGCGTCTAGAGTCGACCTGGGTCACGGTCGCCACGCCGCCGTCCTCGAAGTTCATCACGCGCTCCCACTTGAA
EI21	db	hg39	exon_intron	Forward	56	92	AGGA	ACCGTGACCCAGGAGGCTTTTCTC	TTCAAGTGGGAGCGCGTGATGAACTTCGAGGACGGCGGCGTGGCGACCGTGACCCAGGAGGCTTTTCTCAGGTCGACTCTAGTTATCCACAGGACGGCTGCTTCATCTACAAGGTGAAGTTCATCGGCGTGAACTTCC
EI21	wt	hg39	exon_intron	Forward	56	92	AGGA	ACCGTGACCCAGGAGGCTTTTCTC	TTCAAGTGGGAGCGCGTGATGAACTTCGAGGACGGCGGCGTGGCGACCGTGACCCAGGAGGCTTTTCTCAGGTCGACTCTAGACGCGTAGGATCCCCCGGGTACCGAGCTCGAATTTTTACTAACAAATGGTATTATTTATCCACAGGACGGCTGCTTCATCTACAAGGTGAAGTTCATCGGCGTGAACTTCC
EI21R	db	hg39	exon_intron	Reverse	80	116	TCCT	GAGAAAAGCCTCCTGGGTCACGGT	GGAAGTTCACGCCGATGAACTTCACCTTGTAGATGAAGCAGCCGTCCTGTGGATAACTAGAGTCGACCTGAGAAAAGCCTCCTGGGTCACGGTCGCCACGCCGCCGTCCTCGAAGTTCATCACGCGCTCCCACTTGAA
EI21R	wt	hg39	exon_intron	Reverse	135	171	TCCT	GAGAAAAGCCTCCTGGGTCACGGT	GGAAGTTCACGCCGATGAACTTCACCTTGTAGATGAAGCAGCCGTCCTGTGGATAAATAATACCATTTGTTAGTAAAAATTCGAGCTCGGTACCCGGGGGATCCTACGCGTCTAGAGTCGACCTGAGAAAAGCCTCCTGGGTCACGGTCGCCACGCCGCCGTCCTCGAAGTTCATCACGCGCTCCCACTTGAA
EI22	db	hg39	exon_intron	Forward	57	85	GGACT	CCGTGACCCAGGACTAAAGGAGGCT	TTCAAGTGGGAGCGCGTGATGAACTTCGAGGACGGCGGCGTGGCGACCGTGACCCAGGACTAAAGGAGGCTTTTCTCAGGTCGACTCTAGTTATCCACAGGACGGCTGCTTCATCTACAAGGTGAAGTTCATCGGCGTGAACTTCC
EI22	wt	hg39	exon_intron	Forward	57	85	GGACT	CCGTGACCCAGGACTAAAGGAGGCT	TTCAAGTGGGAGCGCGTGATGAACTTCGAGGACGGCGGCGTGGCGACCGTGACCCAGGACTAAAGGAGGCTTTTCTCAGGTCGACTCTAGACGCGTAGGATCCCCCGGGTACCGAGCTCGAATTTTTACTAACAAATGGTATTATTTATCCACAGGACGGCTGCTTCATCTACAAGGTGAAGTTCATCGGCGTGAACTTCC
EI22R	db	hg39	exon_intron	Reverse	86	114	AGTCC	AGCCTCCTTTAGTCCTGGGTCACGG	GGAAGTTCACGCCGATGAACTTCACCTTGTAGATGAAGCAGCCGTCCTGTGGATAACTAGAGTCGACCTGAGAAAAGCCTCCTTTAGTCCTGGGTCACGGTCGCCACGCCGCCGTCCTCGAAGTTCATCACGCGCTCCCACTTGAA
EI22R	wt	hg39	exon_intron	Reverse	141	169	AGTCC	AGCCTCCTTTAGTCCTGGGTCACGG	GGAAGTTCACGCCGATGAACTTCACCTTGTAGATGAAGCAGCCGTCCTGTGGATAAATAATACCATTTGTTAGTAAAAATTCGAGCTCGGTACCCGGGGGATCCTACGCGTCTAGAGTCGACCTGAGAAAAGCCTCCTTTAGTCCTGGGTCACGGTCGCCACGCCGCCGTCCTCGAAGTTCATCACGCGCTCCCACTTGAA
EI23	db	hg39	exon_intron	Forward	60	103	CTC	TGACCCAGGACTCAGGTCGACTC	TTCAAGTGGGAGCGCGTGATGAACTTCGAGGACGGCGGCGTGGCGACCGTGACCCAGGACTCAGGTCGACTCTAGTTATCCACAGGACGGCTGCTTCATCTACAAGGTGAAGTTCATCGGCGTGAACTTCC
EI23	wt	hg39	exon_intron	Forward	60	103	CTC	TGACCCAGGACTCAGGTCGACTC	TTCAAGTGGGAGCGCGTGATGAACTTCGAGGACGGCGGCGTGGCGACCGTGACCCAGGACTCAGGTCGACTCTAGACGCGTAGGATCCCCCGGGTACCGAGCTCGAATTTTTACTAACAAATGGTATTATTTATCCACAGGACGGCTGCTTCATCTACAAGGTGAAGTTCATCGGCGTGAACTTCC
EI23R	db	hg39	exon_intron	Reverse	70	113	GAG	GAGTCGACCTGAGTCCTGGGTCA	GGAAGTTCACGCCGATGAACTTCACCTTGTAGATGAAGCAGCCGTCCTGTGGATAACTAGAGTCGACCTGAGTCCTGGGTCACGGTCGCCACGCCGCCGTCCTCGAAGTTCATCACGCGCTCCCACTTGAA
EI23R	wt	hg39	exon_intron	Reverse	125	168	GAG	GAGTCGACCTGAGTCCTGGGTCA	GGAAGTTCACGCCGATGAACTTCACCTTGTAGATGAAGCAGCCGTCCTGTGGATAAATAATACCATTTGTTAGTAAAAATTCGAGCTCGGTACCCGGGGGATCCTACGCGTCTAGAGTCGACCTGAGTCCTGGGTCACGGTCGCCACGCCGCCGTCCTCGAAGTTCATCACGCGCTCCCACTTGAA
EI24	db	hg39	exon_intron	Forward	58	111	GACTC	CGTGACCCAGGACTCTAGTTATCCA	TTCAAGTGGGAGCGCGTGATGAACTTCGAGGACGGCGGCGTGGCGACCGTGACCCAGGACTCTAGTTATCCACAGGACGGCTGCTTCATCTACAAGGTGAAGTTCATCGGCGTGAACTTCC
EI24	wt	hg39	exon_intron	Forward	58	111	GACTC	CGTGACCCAGGACTCTAGACGCGTA	TTCAAGTGGGAGCGCGTGATGAACTTCGAGGACGGCGGCGTGGCGACCGTGACCCAGGACTCTAGACGCGTAGGATCCCCCGGGTACCGAGCTCGAATTTTTACTAACAAATGGTATTATTTATCCACAGGACGGCTGCTTCATCTACAAGGTGAAGTTCATCGGCGTGAACTTCC
EI24R	db	hg39	exon_intron	Reverse	60	113	GAGTC	TGGATAACTAGAGTCCTGGGTCACG	GGAAGTTCACGCCGATGAACTTCACCTTGTAGATGAAGCAGCCGTCCTGTGGATAACTAGAGTCCTGGGTCACGGTCGCCACGCCGCCGTCCTCGAAGTTCATCACGCGCTCCCACTTGAA
EI24R	wt	hg39	exon_intron	Reverse	115	168	GAGTC	TACGCGTCTAGAGTCCTGGGTCACG	GGAAGTTCACGCCGATGAACTTCACCTTGTAGATGAAGCAGCCGTCCTGTGGATAAATAATACCATTTGTTAGTAAAAATTCGAGCTCGGTACCCGGGGGATCCTACGCGTCTAGAGTCCTGGGTCACGGTCGCCACGCCGCCGTCCTCGAAGTTCATCACGCGCTCCCACTTGAA
EI25	db	hg39	exon_intron	Forward	63	103	CTC	CCCAGGACTCCTCAGGTCGACTC	TTCAAGTGGGAGCGCGTGATGAACTTCGAGGACGGCGGCGTGGCGACCGTGACCCAGGACTCCTCAGGTCGACTCTAGTTATCCACAGGACGGCTGCTTCATCTACAAGGTGAAGTTCATCGGCGTGAACTTCC
EI25	wt	hg39	exon_intron	Forward	63	103	CTC	CCCAGGACTCCTCAGGTCGACTC	TTCAAGTGGGAGCGCGTGATGAACTTCGAGGACGGCGGCGTGGCGACCGTGACCCAGGACTCCTCAGGTCGACTCTAGACGCGTAGGATCCCCCGGGTACCGAGCTCGAATTTTTACTAACAAATGGTATTATTTATCCACAGGACGGCTGCTTCATCTACAAGGTGAAGTTCATCGGCGTGAACTTCC
EI25R	db	hg39	exon_intron	Reverse	70	110	GAG	GAGTCGACCTGAGGAGTCCTGGG	GGAAGTTCACGCCGATGAACTTCACCTTGTAGATGAAGCAGCCGTCCTGTGGATAACTAGAGTCGACCTGAGGAGTCCTGGGTCACGGTCGCCACGCCGCCGTCCTCGAAGTTCATCACGCGCTCCCACTTGAA
EI25R	wt	hg39	exon_intron	Reverse	125	165	GAG	GAGTCGACCTGAGGAGTCCTGGG	GGAAGTTCACGCCGATGAACTTCACCTTGTAGATGAAGCAGCCGTCCTGTGGATAAATAATACCATTTGTTAGTAAAAATTCGAGCTCGGTACCCGGGGGATCCTACGCGTCTAGAGTCGACCTGAGGAGTCCTGGGTCACGGTCGCCACGCCGCCGTCCTCGAAGTTCATCACGCGCTCCCACTTGAA
EI26	db	hg39	exon_intron	Forward	63	113	CTC	CCCAGGACTCCTCTAGTTATCCA	TTCAAGTGGGAGCGCGTGATGAACTTCGAGGACGGCGGCGTGGCGACCGTGACCCAGGACTCCTCTAGTTATCCACAGGACGGCTGCTTCATCTACAAGGTGAAGTTCATCGGCGTGAACTTCC
EI26	wt	hg39	exon_intron	Forward	63	113	CTC	CCCAGGACTCCTCTAGACGCGTA	TTCAAGTGGGAGCGCGTGATGAACTTCGAGGACGGCGGCGTGGCGACCGTGACCCAGGACTCCTCTAGACGCGTAGGATCCCCCGGGTACCGAGCTCGAATTTTTACTAACAAATGGTATTATTTATCCACAGGACGGCTGCTTCATCTACAAGGTGAAGTTCATCGGCGTGAACTTCC
EI26R	db	hg39	exon_intron	Reverse	60	110	GAG	TGGATAACTAGAGGAGTCCTGGG	GGAAGTTCACGCCGATGAACTTCACCTTGTAGATGAAGCAGCCGTCCTGTGGATAACTAGAGGAGTCCTGGGTCACGGTCGCCACGCCGCCGTCCTCGAAGTTCATCACGCGCTCCCACTTGAA
EI26R	wt	hg39	exon_intron	Reverse	115	165	GAG	TACGCGTCTAGAGGAGTCCTGGG	GGAAGTTCACGCCGATGAACTTCACCTTGTAGATGAAGCAGCCGTCCTGTGGATAAATAATACCATTTGTTAGTAAAAATTCGAGCTCGGTACCCGGGGGATCCTACGCGTCTAGAGGAGTCCTGGGTCACGGTCGCCACGCCGCCGTCCTCGAAGTTCATCACGCGCTCCCACTTGAA
EI27	db	hg42	exon_intron	Forward	86	129	GAC	TGTTAATATGGACGGCTGCTTCA	TTCAAGTGGGAGCGCGTGATGAACTTCGAGGACGGCGGCGTGGCGACCGTGACCCAGGACTCCTCCCTGCAGGTATGTTAATATGGACGGCTGCTTCATCTACAAGGTGAAGTTCATCGGCGTGAACTTCC
EI27	wt	hg42	exon_intron	Forward	86	184	GAC	TGTTAATATGGACGGCTGCTTCA	TTCAAGTGGGAGCGCGTGATGAACTTCGAGGACGGCGGCGTGGCGACCGTGACCCAGGACTCCTCCCTGCAGGTATGTTAATATGGACGGCTGCTTCATCTACAAGGTGAAGTTCATCGGCGTGAACTTCC
EI27R	db	hg42	exon_intron	Reverse	44	87	GTC	TGAAGCAGCCGTCCATATTAACA	GGAAGTTCACGCCGATGAACTTCACCTTGTAGATGAAGCAGCCGTCCATATTAACATACCTGCAGGGAGGAGTCCTGGGTCACGGTCGCCACGCCGCCGTCCTCGAAGTTCATCACGCGCTCCCACTTGAA
EI27R	wt	hg42	exon_intron	Reverse	44	142	GTC	TGAAGCAGCCGTCCATATTAACA	GGAAGTTCACGCCGATGAACTTCACCTTGTAGATGAAGCAGCCGTCCATATTAACATACCTGCAGGGAGGAGTCCTGGGTCACGGTCGCCACGCCGCCGTCCTCGAAGTTCATCACGCGCTCCCACTTGAA
EI28	db	hg42	exon_intron	Forward	88	143	CTA	TTAATATGGACTACAAGGTGAAG	TTCAAGTGGGAGCGCGTGATGAACTTCGAGGACGGCGGCGTGGCGACCGTGACCCAGGACTCCTCCCTGCAGGTATGTTAATATGGACTACAAGGTGAAGTTCATCGGCGTGAACTTCC
EI28	wt	hg42	exon_intron	Forward	88	198	CTA	TTAATATGGACTACAAGGTGAAG	TTCAAGTGGGAGCGCGTGATGAACTTCGAGGACGGCGGCGTGGCGACCGTGACCCAGGACTCCTCCCTGCAGGTATGTTAATATGGACTACAAGGTGAAGTTCATCGGCGTGAACTTCC
EI28R	db	hg42	exon_intron	Reverse	30	85	TAG	CTTCACCTTGTAGTCCATATTAA	GGAAGTTCACGCCGATGAACTTCACCTTGTAGTCCATATTAACATACCTGCAGGGAGGAGTCCTGGGTCACGGTCGCCACGCCGCCGTCCTCGAAGTTCATCACGCGCTCCCACTTGAA
EI28R	wt	hg42	exon_intron	Reverse	30	140	TAG	CTTCACCTTGTAGTCCATATTAA	GGAAGTTCACGCCGATGAACTTCACCTTGTAGTCCATATTAACATACCTGCAGGGAGGAGTCCTGGGTCACGGTCGCCACGCCGCCGTCCTCGAAGTTCATCACGCGCTCCCACTTGAA
EI29	db	hg42	exon_intron	Forward	91	147	AAGG	ATATGGACTAAAGGTGAAGTTCAT	TTCAAGTGGGAGCGCGTGATGAACTTCGAGGACGGCGGCGTGGCGACCGTGACCCAGGACTCCTCCCTGCAGGTATGTTAATATGGACTAAAGGTGAAGTTCATCGGCGTGAACTTCC
EI29	wt	hg42	exon_intron	Forward	91	202	AAGG	ATATGGACTAAAGGTGAAGTTCAT	TTCAAGTGGGAGCGCGTGATGAACTTCGAGGACGGCGGCGTGGCGACCGTGACCCAGGACTCCTCCCTGCAGGTATGTTAATATGGACTAAAGGTGAAGTTCATCGGCGTGAACTTCC
EI29R	db	hg42	exon_intron	Reverse	25	81	CCTT	ATGAACTTCACCTTTAGTCCATAT	GGAAGTTCACGCCGATGAACTTCACCTTTAGTCCATATTAACATACCTGCAGGGAGGAGTCCTGGGTCACGGTCGCCACGCCGCCGTCCTCGAAGTTCATCACGCGCTCCCACTTGAA
EI29R	wt	hg42	exon_intron	Reverse	25	136	CCTT	ATGAACTTCACCTTTAGTCCATAT	GGAAGTTCACGCCGATGAACTTCACCTTTAGTCCATATTAACATACCTGCAGGGAGGAGTCCTGGGTCACGGTCGCCACGCCGCCGTCCTCGAAGTTCATCACGCGCTCCCACTTGAA
EI30	db	hg42	exon_intron	Forward	95	148	AGG	GGACTAAAGGAGGTGAAGTTCAT	TTCAAGTGGGAGCGCGTGATGAACTTCGAGGACGGCGGCGTGGCGACCGTGACCCAGGACTCCTCCCTGCAGGTATGTTAATATGGACTAAAGGAGGTGAAGTTCATCGGCGTGAACTTCC
EI30	wt	hg42	exon_intron	Forward	95	203	AGG	GGACTAAAGGAGGTGAAGTTCAT	TTCAAGTGGGAGCGCGTGATGAACTTCGAGGACGGCGGCGTGGCGACCGTGACCCAGGACTCCTCCCTGCAGGTATGTTAATATGGACTAAAGGAGGTGAAGTTCATCGGCGTGAACTTCC
EI30R	db	hg42	exon_intron	Reverse	25	78	CCT	ATGAACTTCACCTCCTTTAGTCC	GGAAGTTCACGCCGATGAACTTCACCTCCTTTAGTCCATATTAACATACCTGCAGGGAGGAGTCCTGGGTCACGGTCGCCACGCCGCCGTCCTCGAAGTTCATCACGCGCTCCCACTTGAA
EI30R	wt	hg42	exon_intron	Reverse	25	133	CCT	ATGAACTTCACCTCCTTTAGTCC	GGAAGTTCACGCCGATGAACTTCACCTCCTTTAGTCCATATTAACATACCTGCAGGGAGGAGTCCTGGGTCACGGTCGCCACGCCGCCGTCCTCGAAGTTCATCACGCGCTCCCACTTGAA
EI31	db	hg42	exon_intron	Forward	96	132	GGCT	GACTAAAGGAGGCTGCTTCATCTA	TTCAAGTGGGAGCGCGTGATGAACTTCGAGGACGGCGGCGTGGCGACCGTGACCCAGGACTCCTCCCTGCAGGTATGTTAATATGGACTAAAGGAGGCTGCTTCATCTACAAGGTGAAGTTCATCGGCGTGAACTTCC
EI31	wt	hg42	exon_intron	Forward	96	187	GGCT	GACTAAAGGAGGCTGCTTCATCTA	TTCAAGTGGGAGCGCGTGATGAACTTCGAGGACGGCGGCGTGGCGACCGTGACCCAGGACTCCTCCCTGCAGGTATGTTAATATGGACTAAAGGAGGCTGCTTCATCTACAAGGTGAAGTTCATCGGCGTGAACTTCC
EI31R	db	hg42	exon_intron	Reverse	40	76	AGCC	TAGATGAAGCAGCCTCCTTTAGTC	GGAAGTTCACGCCGATGAACTTCACCTTGTAGATGAAGCAGCCTCCTTTAGTCCATATTAACATACCTGCAGGGAGGAGTCCTGGGTCACGGTCGCCACGCCGCCGTCCTCGAAGTTCATCACGCGCTCCCACTTGAA
EI31R	wt	hg42	exon_intron	Reverse	40	131	AGCC	TAGATGAAGCAGCCTCCTTTAGTC	GGAAGTTCACGCCGATGAACTTCACCTTGTAGATGAAGCAGCCTCCTTTAGTCCATATTAACATACCTGCAGGGAGGAGTCCTGGGTCACGGTCGCCACGCCGCCGTCCTCGAAGTTCATCACGCGCTCCCACTTGAA
EI32	db	hg42	exon_intron	Forward	97	136	GCTT	ACTAAAGGAGGCTTCATCTACAAG	TTCAAGTGGGAGCGCGTGATGAACTTCGAGGACGGCGGCGTGGCGACCGTGACCCAGGACTCCTCCCTGCAGGTATGTTAATATGGACTAAAGGAGGCTTCATCTACAAGGTGAAGTTCATCGGCGTGAACTTCC
EI32	wt	hg42	exon_intron	Forward	97	191	GCTT	ACTAAAGGAGGCTTCATCTACAAG	TTCAAGTGGGAGCGCGTGATGAACTTCGAGGACGGCGGCGTGGCGACCGTGACCCAGGACTCCTCCCTGCAGGTATGTTAATATGGACTAAAGGAGGCTTCATCTACAAGGTGAAGTTCATCGGCGTGAACTTCC
EI32R	db	hg42	exon_intron	Reverse	36	75	AAGC	CTTGTAGATGAAGCCTCCTTTAGT	GGAAGTTCACGCCGATGAACTTCACCTTGTAGATGAAGCCTCCTTTAGTCCATATTAACATACCTGCAGGGAGGAGTCCTGGGTCACGGTCGCCACGCCGCCGTCCTCGAAGTTCATCACGCGCTCCCACTTGAA
EI32R	wt	hg42	exon_intron	Reverse	36	130	AAGC	CTTGTAGATGAAGCCTCCTTTAGT	GGAAGTTCACGCCGATGAACTTCACCTTGTAGATGAAGCCTCCTTTAGTCCATATTAACATACCTGCAGGGAGGAGTCCTGGGTCACGGTCGCCACGCCGCCGTCCTCGAAGTTCATCACGCGCTCCCACTTGAA
EI33	db	hg42	exon_intron	Forward	101	138	TTC	AAGGAGGCTTTTCATCTACAAGG	TTCAAGTGGGAGCGCGTGATGAACTTCGAGGACGGCGGCGTGGCGACCGTGACCCAGGACTCCTCCCTGCAGGTATGTTAATATGGACTAAAGGAGGCTTTTCATCTACAAGGTGAAGTTCATCGGCGTGAACTTCC
EI33	wt	hg42	exon_intron	Forward	101	193	TTC	AAGGAGGCTTTTCATCTACAAGG	TTCAAGTGGGAGCGCGTGATGAACTTCGAGGACGGCGGCGTGGCGACCGTGACCCAGGACTCCTCCCTGCAGGTATGTTAATATGGACTAAAGGAGGCTTTTCATCTACAAGGTGAAGTTCATCGGCGTGAACTTCC
EI33R	db	hg42	exon_intron	Reverse	35	72	GAA	CCTTGTAGATGAAAAGCCTCCTT	GGAAGTTCACGCCGATGAACTTCACCTTGTAGATGAAAAGCCTCCTTTAGTCCATATTAACATACCTGCAGGGAGGAGTCCTGGGTCACGGTCGCCACGCCGCCGTCCTCGAAGTTCATCACGCGCTCCCACTTGAA
EI33R	wt	hg42	exon_intron	Reverse	35	127	GAA	CCTTGTAGATGAAAAGCCTCCTT	GGAAGTTCACGCCGATGAACTTCACCTTGTAGATGAAAAGCCTCCTTTAGTCCATATTAACATACCTGCAGGGAGGAGTCCTGGGTCACGGTCGCCACGCCGCCGTCCTCGAAGTTCATCACGCGCTCCCACTTGAA
EI34	db	hg42	exon_intron	Forward	102	142	TCT	AGGAGGCTTTTCTACAAGGTGAA	TTCAAGTGGGAGCGCGTGATGAACTTCGAGGACGGCGGCGTGGCGACCGTGACCCAGGACTCCTCCCTGCAGGTATGTTAATATGGACTAAAGGAGGCTTTTCTACAAGGTGAAGTTCATCGGCGTGAACTTCC
EI34	wt	hg42	exon_intron	Forward	102	197	TCT	AGGAGGCTTTTCTACAAGGTGAA	TTCAAGTGGGAGCGCGTGATGAACTTCGAGGACGGCGGCGTGGCGACCGTGACCCAGGACTCCTCCCTGCAGGTATGTTAATATGGACTAAAGGAGGCTTTTCTACAAGGTGAAGTTCATCGGCGTGAACTTCC
EI34R	db	hg42	exon_intron	Reverse	31	71	AGA	TTCACCTTGTAGAAAAGCCTCCT	GGAAGTTCACGCCGATGAACTTCACCTTGTAGAAAAGCCTCCTTTAGTCCATATTAACATACCTGCAGGGAGGAGTCCTGGGTCACGGTCGCCACGCCGCCGTCCTCGAAGTTCATCACGCGCTCCCACTTGAA
EI34R	wt	hg42	exon_intron	Reverse	31	126	AGA	TTCACCTTGTAGAAAAGCCTCCT	GGAAGTTCACGCCGATGAACTTCACCTTGTAGAAAAGCCTCCTTTAGTCCATATTAACATACCTGCAGGGAGGAGTCCTGGGTCACGGTCGCCACGCCGCCGTCCTCGAAGTTCATCACGCGCTCCCACTTGAA
EI35	db	hg42	exon_intron	Forward	104	139	TCA	GAGGCTTTTCTCATCTACAAGGT	TTCAAGTGGGAGCGCGTGATGAACTTCGAGGACGGCGGCGTGGCGACCGTGACCCAGGACTCCTCCCTGCAGGTATGTTAATATGGACTAAAGGAGGCTTTTCTCATCTACAAGGTGAAGTTCATCGGCGTGAACTTCC
EI35	wt	hg42	exon_intron	Forward	104	194	TCA	GAGGCTTTTCTCATCTACAAGGT	TTCAAGTGGGAGCGCGTGATGAACTTCGAGGACGGCGGCGTGGCGACCGTGACCCAGGACTCCTCCCTGCAGGTATGTTAATATGGACTAAAGGAGGCTTTTCTCATCTACAAGGTGAAGTTCATCGGCGTGAACTTCC
EI35R	db	hg42	exon_intron	Reverse	34	69	TGA	ACCTTGTAGATGAGAAAAGCCTC	GGAAGTTCACGCCGATGAACTTCACCTTGTAGATGAGAAAAGCCTCCTTTAGTCCATATTAACATACCTGCAGGGAGGAGTCCTGGGTCACGGTCGCCACGCCGCCGTCCTCGAAGTTCATCACGCGCTCCCACTTGAA
EI35R	wt	hg42	exon_intron	Reverse	34	124	TGA	ACCTTGTAGATGAGAAAAGCCTC	GGAAGTTCACGCCGATGAACTTCACCTTGTAGATGAGAAAAGCCTCCTTTAGTCCATATTAACATACCTGCAGGGAGGAGTCCTGGGTCACGGTCGCCACGCCGCCGTCCTCGAAGTTCATCACGCGCTCCCACTTGAA
EI36	db	hg42	exon_intron	Forward	106	148	AGGT	GGCTTTTCTCAGGTGAAGTTCATC	TTCAAGTGGGAGCGCGTGATGAACTTCGAGGACGGCGGCGTGGCGACCGTGACCCAGGACTCCTCCCTGCAGGTATGTTAATATGGACTAAAGGAGGCTTTTCTCAGGTGAAGTTCATCGGCGTGAACTTCC
EI36	wt	hg42	exon_intron	Forward	106	203	AGGT	GGCTTTTCTCAGGTGAAGTTCATC	TTCAAGTGGGAGCGCGTGATGAACTTCGAGGACGGCGGCGTGGCGACCGTGACCCAGGACTCCTCCCTGCAGGTATGTTAATATGGACTAAAGGAGGCTTTTCTCAGGTGAAGTTCATCGGCGTGAACTTCC
EI36R	db	hg42	exon_intron	Reverse	24	66	ACCT	GATGAACTTCACCTGAGAAAAGCC	GGAAGTTCACGCCGATGAACTTCACCTGAGAAAAGCCTCCTTTAGTCCATATTAACATACCTGCAGGGAGGAGTCCTGGGTCACGGTCGCCACGCCGCCGTCCTCGAAGTTCATCACGCGCTCCCACTTGAA
EI36R	wt	hg42	exon_intron	Reverse	24	121	ACCT	GATGAACTTCACCTGAGAAAAGCC	GGAAGTTCACGCCGATGAACTTCACCTGAGAAAAGCCTCCTTTAGTCCATATTAACATACCTGCAGGGAGGAGTCCTGGGTCACGGTCGCCACGCCGCCGTCCTCGAAGTTCATCACGCGCTCCCACTTGAA
EI37	db	hg42	exon_intron	Forward	111	129	GAC	TTCTCAGGTCGACGGCTGCTTCA	TTCAAGTGGGAGCGCGTGATGAACTTCGAGGACGGCGGCGTGGCGACCGTGACCCAGGACTCCTCCCTGCAGGTATGTTAATATGGACTAAAGGAGGCTTTTCTCAGGTCGACGGCTGCTTCATCTACAAGGTGAAGTTCATCGGCGTGAACTTCC
EI37	wt	hg42	exon_intron	Forward	111	184	GAC	TTCTCAGGTCGACGGCTGCTTCA	TTCAAGTGGGAGCGCGTGATGAACTTCGAGGACGGCGGCGTGGCGACCGTGACCCAGGACTCCTCCCTGCAGGTATGTTAATATGGACTAAAGGAGGCTTTTCTCAGGTCGACGGCTGCTTCATCTACAAGGTGAAGTTCATCGGCGTGAACTTCC
EI37R	db	hg42	exon_intron	Reverse	44	62	GTC	TGAAGCAGCCGTCGACCTGAGAA	GGAAGTTCACGCCGATGAACTTCACCTTGTAGATGAAGCAGCCGTCGACCTGAGAAAAGCCTCCTTTAGTCCATATTAACATACCTGCAGGGAGGAGTCCTGGGTCACGGTCGCCACGCCGCCGTCCTCGAAGTTCATCACGCGCTCCCACTTGAA
EI37R	wt	hg42	exon_intron	Reverse	44	117	GTC	TGAAGCAGCCGTCGACCTGAGAA	GGAAGTTCACGCCGATGAACTTCACCTTGTAGATGAAGCAGCCGTCGACCTGAGAAAAGCCTCCTTTAGTCCATATTAACATACCTGCAGGGAGGAGTCCTGGGTCACGGTCGCCACGCCGCCGTCCTCGAAGTTCATCACGCGCTCCCACTTGAA
EI38	db	hg42	exon_intron	Forward	114	142	TCTA	TCAGGTCGACTCTACAAGGTGAAG	TTCAAGTGGGAGCGCGTGATGAACTTCGAGGACGGCGGCGTGGCGACCGTGACCCAGGACTCCTCCCTGCAGGTATGTTAATATGGACTAAAGGAGGCTTTTCTCAGGTCGACTCTACAAGGTGAAGTTCATCGGCGTGAACTTCC
EI38	wt	hg42	exon_intron	Forward	114	197	TCTA	TCAGGTCGACTCTACAAGGTGAAG	TTCAAGTGGGAGCGCGTGATGAACTTCGAGGACGGCGGCGTGGCGACCGTGACCCAGGACTCCTCCCTGCAGGTATGTTAATATGGACTAAAGGAGGCTTTTCTCAGGTCGACTCTACAAGGTGAAGTTCATCGGCGTGAACTTCC
EI38R	db	hg42	exon_intron	Reverse	30	58	TAGA	CTTCACCTTGTAGAGTCGACCTGA	GGAAGTTCACGCCGATGAACTTCACCTTGTAGAGTCGACCTGAGAAAAGCCTCCTTTAGTCCATATTAACATACCTGCAGGGAGGAGTCCTGGGTCACGGTCGCCACGCCGCCGTCCTCGAAGTTCATCACGCGCTCCCACTTGAA
EI38R	wt	hg42	exon_intron	Reverse	30	113	TAGA	CTTCACCTTGTAGAGTCGACCTGA	GGAAGTTCACGCCGATGAACTTCACCTTGTAGAGTCGACCTGAGAAAAGCCTCCTTTAGTCCATATTAACATACCTGCAGGGAGGAGTCCTGGGTCACGGTCGCCACGCCGCCGTCCTCGAAGTTCATCACGCGCTCCCACTTGAA
